info_id,salary,jobname,workingplace,company,posttime
https://jobs.51job.com/kunshan/104965222.html?s=01&t=0,4.5-6千/月,食品检验员/质检员+玉山镇,昆山,上海佩琪信息技术有限公司,07-30
https://jobs.51job.com/shanghai-jsq/82205610.html?s=01&t=0,4.5-6千/月,食品检验员,上海,上海禾煜贸易有限公司,07-30
https://jobs.51job.com/wuhan-dxhq/75354805.html?s=01&t=0,3-4.5千/月,食品检验员,武汉,武汉双鑫动力食品科技有限公司,07-30
https://jobs.51job.com/shanghai/40660027.html?s=01&t=0,4.5-6千/月,食品检验员,上海,上海旺旺食品集团有限公司,07-30
https://jobs.51job.com/shanghai-jsq/94191770.html?s=01&t=0,3-4.5千/月,食品检验员,上海,上海农心食品有限公司,07-30
https://jobs.51job.com/shanghai/104806045.html?s=01&t=0,4-6千/月,食品检验员,上海,上海爱普食品工业有限公司,07-30
https://jobs.51job.com/dezhou/93482920.html?s=01&t=0,3-4.5千/月,食品检验员,异地,天津市天丰裕食品科技有限公司,07-30
https://jobs.51job.com/xian-gjmyht/100869421.html?s=01&t=0,3.5-6千/月,食品检验员,西安,陕西普恩检测技术有限公司,07-30
https://jobs.51job.com/shenzhen/104086657.html?s=01&t=0,4.5-6千/月,食品检验员,异地,上海悦欣天厨食品有限公司,07-30
https://jobs.51job.com/changsha/99683149.html?s=01&t=0,3.5-5千/月,食品检验员,长沙,绝味食品股份有限公司,07-30
https://jobs.51job.com/changsha-csx/77746009.html?s=01&t=0,3.5-4.5千/月,食品检验员,长沙,湖南刘先生餐饮管理有限公司,07-30
https://jobs.51job.com/shanghai-bsq/104124710.html?s=01&t=0,4.5-6千/月,食品检验员,上海,上海邵万生顶尖食品有限公司,07-30
https://jobs.51job.com/hadongbin-xfq/92633456.html?s=01&t=0,3-5千/月,食品检验员,哈尔,黑龙江省绿航世纪医药科技开发有限...,07-30
https://jobs.51job.com/fuzhou-mhx/104942787.html?s=01&t=0,4.5-6千/月,食品检验员,福州,福建左氏颐和堂生物科技有限公司,07-30
https://jobs.51job.com/shenzhen-lhxq/100321033.html?s=01&t=0,4-6千/月,食品检验员,深圳,深圳合聚堂餐饮文化连锁有限公司,07-30
https://jobs.51job.com/changsha/90677002.html?s=01&t=0,3.5-4.5千/月,食品检验员,长沙,长沙市佰思诚食品有限公司,07-30
https://jobs.51job.com/dongguan/103666093.html?s=01&t=0,4.5-6千/月,食品检验员,异地,东莞市金芭蕾香精香料有限公司,07-30
https://jobs.51job.com/shenzhen-lhq/96626587.html?s=01&t=0,6-8万/年,食品检验员,深圳,深圳市一哥鲍鱼餐饮管理有限公司,07-30
https://jobs.51job.com/shanghai-jsq/82825566.html?s=01&t=0,4-6千/月,食品检验员,上海,上海舜地食品有限公司,07-30
https://jobs.51job.com/zhuhai/87255243.html?s=01&t=0,3.5-4千/月,食品检验员,珠海,坤思特焙艺（珠海）食品有限公司,07-30
https://jobs.51job.com/xiamen/104998070.html?s=01&t=0,3.6-5.5千/月,食品检验员,厦门,厦门惠尔康食品有限公司,07-30
https://jobs.51job.com/chengdu-pdq/103259959.html?s=01&t=0,3.5-5千/月,食品检验员,成都,成都市旺丰食品有限责任公司,07-30
https://jobs.51job.com/dongguan-gbz/83979146.html?s=01&t=0,3-4.5千/月,食品检验员,东莞,东莞四洲肉类制品有限公司,07-30
https://jobs.51job.com/guangzhou-byq/100233006.html?s=01&t=0,3-4.5千/月,食品检验员（石井）,广州,广州市一日三餐食品股份有限公司,07-30
https://jobs.51job.com/nanjing-jnq/104438509.html?s=01&t=0,6-8千/月,食品检验员/质检员,南京,易虎网科技南京有限公司,07-30
https://jobs.51job.com/hangzhou-xsq/100653473.html?s=01&t=0,3-4.5千/月,食品检验员,杭州,浙江味斯美食品有限公司,07-30
https://jobs.51job.com/guangzhou-hpq/99648084.html?s=01&t=0,3-4.5千/月,食品检验员,广州,上海顶盛食品工业有限公司,07-30
https://jobs.51job.com/hangzhou-laq/94088040.html?s=01&t=0,4.5-6千/月,食品检验员,杭州,杭州速派餐饮管理有限公司,07-30
https://jobs.51job.com/guangzhou-byq/73569993.html?s=01&t=0,3.5-5千/月,食品检验员/化验员,广州,广州市粤典食品有限公司,07-30
https://jobs.51job.com/guangzhou-pyq/51593970.html?s=01&t=0,4.5-6千/月,检测技术员/食品检验员,广州,广东恒度检测科技有限公司,07-30
https://jobs.51job.com/guangzhou-hpq/67560693.html?s=01&t=0,3-4.5千/月,食品检验员/品控员,广州,广州和本健康食品科技股份有限公司,07-30
https://jobs.51job.com/hangzhou-yhq/62925768.html?s=01&t=0,3.5-4.5千/月,食品检验员,杭州,杭州嘉麦食品有限公司,07-30
https://jobs.51job.com/hangzhou/100870845.html?s=01&t=0,4-6千/月,食品检验员,杭州,杭州久达后勤服务有限公司,07-30
https://jobs.51job.com/beijing/104060649.html?s=01&t=0,4-6千/月,保健食品检验员（研发方向）,北京,北京倍菲格琳科技有限公司,07-30
https://jobs.51job.com/suzhou/103321006.html?s=01&t=0,3-4.5千/月,食品检验员,苏州,苏州金记食品有限公司,07-30
https://jobs.51job.com/shanghai-jdq/47935342.html?s=01&t=0,4-4.5千/月,食品检验员,上海,众爱食品（上海）有限公司,07-30
https://jobs.51job.com/guangzhou/101423791.html?s=01&t=0,3-3.7千/月,食品检验员（检测中心）,广州,广州市粮食集团有限责任公司,07-30
https://jobs.51job.com/ningbo-blq/95652967.html?s=01&t=0,3-4.5千/月,食品检验员,宁波,宁波新果食品有限公司,07-30
https://jobs.51job.com/hefei/97820504.html?s=01&t=0,3-4.5千/月,食品检验员\品控专员\化验员,合肥,合肥紫燕食品有限公司,07-30
https://jobs.51job.com/shenzhen-lhxq/102050682.html?s=01&t=0,6-8千/月,食品检验员,深圳,深圳市东方佳联生物科技有限公司,07-30
https://jobs.51job.com/guangzhou-pyq/102181913.html?s=01&t=0,3-4.5千/月,食品检验员,广州,广州市后街唐厨餐饮有限公司,07-30
https://jobs.51job.com/guangzhou-hpq/104141326.html?s=01&t=0,2.6-3.5千/月,食品检验员,广州,广州市博源堂生物科技有限公司,07-30
https://jobs.51job.com/shenzhen-lgq/103125605.html?s=01&t=0,5-7千/月,食品检验员,深圳,深圳市橙社网络技术有限公司,07-30
https://jobs.51job.com/shanghai-fxq/81268665.html?s=01&t=0,3-4.5千/月,化验员，食品检验员,上海,上海芝心芝意企业管理有限公司,07-30
https://jobs.51job.com/hangzhou-yhq/101238247.html?s=01&t=0,3-4.5千/月,食品检验员,杭州,杭州味泰食品有限公司,07-30
https://jobs.51job.com/guangzhou-byq/103430781.html?s=01&t=0,4-6千/月,食品检验员/品控,广州,广州金宝宝婴幼日用品有限公司,07-30
https://jobs.51job.com/shanghai-mhq/99219533.html?s=01&t=0,3-4.5千/月,食品检验员,上海,品测（上海）检测科技有限公司,07-30
https://jobs.51job.com/shanghai-mhq/64103536.html?s=01&t=0,4.5-6千/月,食品检验员,上海,上海绿捷实业发展有限公司,07-30
https://jobs.51job.com/guangzhou-byq/103983302.html?s=01&t=0,4.5-6千/月,食品检验员(非实验室）,广州,广州迪斯尼营养品有限公司,07-30
https://jobs.51job.com/jingmen/103059525.html?s=01&t=0,4.5-6千/月,食品检验员,荆门,湖北石牌食品有限公司,07-30
https://jobs.51job.com/tianjin-wqq/98913207.html?s=01&t=0,3-4.5千/月,食品检验员,天津,天津市顺昌通达科技发展合伙企业（...,07-30
https://jobs.51job.com/shanghai/100244401.html?s=01&t=0,4-5千/月,食品检验员,上海,上海泰奇食品有限公司,07-30
https://jobs.51job.com/shanghai-fxq/89923125.html?s=01&t=0,4.5-6千/月,食品检验员,上海,上海君聪进出口有限公司,07-30
https://jobs.51job.com/deyang/99177441.html?s=01&t=0,4-6千/月,食品检验员、品控管理员,德阳,四川皇承记食品有限公司,07-30
https://jobs.51job.com/huizhou/96530356.html?s=01&t=0,3-4.5千/月,食品检验员,惠州,惠东县华宝食品有限公司,07-30
https://jobs.51job.com/taicang/104953815.html?s=01&t=0,4-6千/月,食品检验员,异地,俐诚餐饮管理（上海）有限公司,07-30
https://jobs.51job.com/shanghai-ptq/98036697.html?s=01&t=0,4.5-6千/月,食品检验员,上海,上海中信信息发展股份有限公司-食...,07-30
https://jobs.51job.com/shanghai/101938014.html?s=01&t=0,4.5-6千/月,食品检验员,上海,上海花冠营养乳品有限公司,07-30
https://jobs.51job.com/guangzhou-pyq/83852967.html?s=01&t=0,4.5-6千/月,食品检验员,广州,广州麟威健康科技股份有限公司,07-30
https://jobs.51job.com/hezhou/102164267.html?s=01&t=0,2.5-3.5千/月,食品检验员,贺州,广西贺州市泰兴连锁超市有限责任公司,07-30
https://jobs.51job.com/wuhan-cdq/102178917.html?s=01&t=0,3-4.5千/月,食品检验员,武汉,武汉森澜生物科技有限公司,07-30
https://jobs.51job.com/guangzhou-hdq/94428646.html?s=01&t=0,0.5-1万/月,微生物/食品检验员,广州,广州柏赛罗药业有限公司,07-30
https://jobs.51job.com/wuxi-jys/104395668.html?s=01&t=0,4-5千/月,代招-食品检验员,无锡,江阴市赞星教育咨询有限公司,07-30
https://jobs.51job.com/shanghai/104084322.html?s=01&t=0,4-6千/月,食品检验员,上海,上海世达食品有限公司（桂冠食品）,07-30
https://jobs.51job.com/shenzhen-lgq/104599760.html?s=01&t=0,3-4.5千/月,食品检验员,深圳,佳宁娜食品（深圳）有限公司,07-30
https://jobs.51job.com/guangzhou-hpq/102234483.html?s=01&t=0,4.5-6千/月,食品检验员（食品QC）,广州,广州市合诚化学有限公司,07-30
https://jobs.51job.com/shanghai-pdxq/62541591.html?s=01&t=0,3.5-5千/月,食品检验机构实验室食品检验员,上海,国锦（上海）检测技术有限公司,07-30
https://jobs.51job.com/beijing-cyq/102485792.html?s=01&t=0,4-6千/月,食品检验员,北京,北京大唐庄园饮品有限公司,07-30
https://jobs.51job.com/suzhou-gyyq/103371441.html?s=01&t=0,3-4.5千/月,食品检验员,苏州,苏州工业园区尚融科技有限公司,07-30
https://jobs.51job.com/shanghai-fxq/103398925.html?s=01&t=0,4-6千/月,食品检验员,上海,普维食品发展（上海）有限公司,07-30
https://jobs.51job.com/ningbo/98095914.html?s=01&t=0,3.5-4千/月,食品检验员,宁波,浙江荃盛食品有限公司,07-30
https://jobs.51job.com/shanghai-jsq/98559867.html?s=01&t=0,3-4.5千/月,食品检验员,上海,上海利拉食品有限公司,07-30
https://jobs.51job.com/shenzhen-nsq/100662184.html?s=01&t=0,3-4.5千/月,食品检验员,深圳,深圳市金谷园实业发展有限公司,07-30
https://jobs.51job.com/qingdao-jmq/97857493.html?s=01&t=0,2-4千/月,食品检验员,青岛,青岛日辰食品股份有限公司,07-30
https://jobs.51job.com/qingdao/97623794.html?s=01&t=0,3-4千/月,食品检验员,青岛,85度c,07-30
https://jobs.51job.com/shenzhen-lgq/102712811.html?s=01&t=0,4-6千/月,食品检验员,深圳,深圳市欢乐地铁站餐饮投资管理有限...,07-30
https://jobs.51job.com/changsha-lys/104517019.html?s=01&t=0,4-5千/月,食品检验员,长沙,湖南一家农业发展有限公司,07-30
https://jobs.51job.com/yibin/87845466.html?s=01&t=0,3-4.5千/月,食品检验员,宜宾,四川省茶业集团股份有限公司,07-30
https://jobs.51job.com/chengdu-xdq/104617265.html?s=01&t=0,3.2-4.5千/月,食品检验员,成都,成都市大王酿造食品有限公司,07-30
https://jobs.51job.com/zhengzhou/87303232.html?s=01&t=0,3.3-5千/月,食品检验员,郑州,河南省天冰冷饮有限公司,07-30
https://jobs.51job.com/wuxi-wxxq/97402071.html?s=01&t=0,3-4.5千/月,食品检验员,无锡,无锡市希杰餐饮管理有限公司,07-30
https://jobs.51job.com/hefei/99547757.html?s=01&t=0,4-5千/月,食品检验员,合肥,肥叔锅贴,07-30
https://jobs.51job.com/jiaxing/104873374.html?s=01&t=0,3-4.5千/月,食品检验员,嘉兴,浙江东厨食品有限公司,07-30
https://jobs.51job.com/kunshan/90310773.html?s=01&t=0,3-4.5千/月,食品检验员,异地,苏州兴成食品开发有限公司,07-30
https://jobs.51job.com/shanghai-bsq/76158654.html?s=01&t=0,4.5-6千/月,食品检验员,上海,上海聪少私房甜品有限公司,07-30
https://jobs.51job.com/wuhan-dxhq/100883905.html?s=01&t=0,3.5-4.5千/月,食品检验员/QC质检包吃包住,武汉,哈卤（武汉）食品有限公司,07-30
https://jobs.51job.com/hangzhou-scq/100819192.html?s=01&t=0,4.5-6千/月,食品检验员,杭州,杭州饮食服务集团有限公司杭州知味观,07-30
https://jobs.51job.com/fuzhou-mwq/85771569.html?s=01&t=0,3-4.5千/月,食品检验员,福州,福州翁财记食品有限公司,07-30
https://jobs.51job.com/guangzhou-byq/99966118.html?s=01&t=0,3-4.5千/月,食品检验员,广州,广州市尚粮山健康管理有限公司,07-30
https://jobs.51job.com/shanghai-fxq/91854694.html?s=01&t=0,6-8千/月,食品检验员,上海,上海芝然乳品科技有限公司,07-30
https://jobs.51job.com/guangzhou-hdq/99087871.html?s=01&t=0,3-4.5千/月,食品检验员,广州,广州市东樱生物科技有限公司,07-30
https://jobs.51job.com/nanjing-qxq/100570852.html?s=01&t=0,4.5-6千/月,食品检验员  理化检验员,南京,江苏汉典生物科技股份有限公司,07-30
https://jobs.51job.com/qingdao/101045451.html?s=01&t=0,3-4.5千/月,食品检验员,青岛,山东众合天成检验有限公司,07-30
https://jobs.51job.com/guangzhou-lwq/100335416.html?s=01&t=0,4-6千/月,食品检验员/ 化验员,广州,云燕科技（广州）有限公司,07-30
https://jobs.51job.com/wuhan-jaq/103811765.html?s=01&t=0,3-5千/月,食品检验员,武汉,武汉蒙田食品有限公司,07-30
https://jobs.51job.com/shanghai/74229125.html?s=01&t=0,4-5.5千/月,食品检验员,上海,上海佳通日清食品有限公司,07-30
https://jobs.51job.com/zhanjiang/104554201.html?s=01&t=0,4-4.4千/月,食品检验员,异地,广东国美水产食品有限公司,07-30
https://jobs.51job.com/changsha/97498195.html?s=01&t=0,3-4.5千/月,食品检验员,长沙,湖南省辣之源食品有限公司,07-30
https://jobs.51job.com/shanghai-mhq/99350174.html?s=01&t=0,6-8千/月,食品检验员,上海,上海千彩食品有限公司,07-30
https://jobs.51job.com/kunshan/90321612.html?s=01&t=0,4-5千/月,食品检验员,昆山,昆山昱齐盛企业服务发展有限公司,07-30
https://jobs.51job.com/guangzhou-hdq/102520252.html?s=01&t=0,3-4.5千/月,食品检验员,广州,达尔文第（广州）保健食品有限公司,07-30
https://jobs.51job.com/shanghai-mhq/101888562.html?s=01&t=0,4-6千/月,食品检验员,上海,上海优程食品有限公司,07-30
https://jobs.51job.com/shantou/98109387.html?s=01&t=0,3-4.5千/月,食品检验员,汕头,广东华馨香料有限公司,07-30
https://jobs.51job.com/nanjing-lsq/103203764.html?s=01&t=0,3-4.5千/月,食品检验员,南京,南京小洋人生物科技发展有限公司,07-30
https://jobs.51job.com/suzhou/90938303.html?s=01&t=0,4.5-6千/月,食品检验员,苏州,苏州左姐食品有限公司,07-30
https://jobs.51job.com/huangnan/99198463.html?s=01&t=0,2.5-3.5千/月,食品检验员,黄南,西藏高原之宝牦牛乳业股份有限公司,07-30
https://jobs.51job.com/huizhou/102257396.html?s=01&t=0,2.5-5千/月,食品检验员,惠州,惠州市柏泰食品有限公司,07-30
https://jobs.51job.com/suzhou/88226561.html?s=01&t=0,4.5-6千/月,食品检验员,苏州,康普（苏州）食品有限公司,07-30
https://jobs.51job.com/nanjing-jnq/101953851.html?s=01&t=0,4.5-6千/月,食品检验员,南京,南京褚记餐饮管理有限公司,07-30
https://jobs.51job.com/guangzhou-byq/99883691.html?s=01&t=0,3-4.5千/月,食品检验员,广州,广州市深艺包装制品有限公司,07-30
https://jobs.51job.com/guangzhou-yxq/100031703.html?s=01&t=0,2.5-3.5千/月,食品检验员,广州,中国大酒店,07-30
https://jobs.51job.com/taizhou/99213081.html?s=01&t=0,3.5-6千/月,食品检验员,泰州,江苏上捷饮品科技有限公司,07-30
https://jobs.51job.com/shenzhen-lgq/96520858.html?s=01&t=0,6-8千/月,食品检验员,深圳,深圳回味印象餐饮管理有限公司,07-30
https://jobs.51job.com/ezhou/90051243.html?s=01&t=0,3-5千/月,食品检验员,鄂州,湖北福贞金属包装有限公司,07-30
https://jobs.51job.com/xianning/101293650.html?s=01&t=0,4.5-6千/月,食品检验员,咸宁,深圳市地藏心文化传播有限公司,07-30
https://jobs.51job.com/shanghai-fxq/97581563.html?s=01&t=0,4.5-6千/月,食品检验员/质检员,上海,上海大富贵酒楼有限公司,07-30
https://jobs.51job.com/nanjing-qxq/103623289.html?s=01&t=0,3-5千/月,食品检验员-南京-00032,南京,南京糖糖屋零食物语食品有限公司,07-30
https://jobs.51job.com/shanghai-fxq/101014012.html?s=01&t=0,4.5-6千/月,食品检验员,上海,上海甜圣餐饮有限公司,07-30
https://jobs.51job.com/guangzhou-byq/93326308.html?s=01&t=0,3.5-4.5千/月,食品检验员,广州,广州市贵师傅食品科技有限公司,07-30
https://jobs.51job.com/shanghai-xhq/103475625.html?s=01&t=0,3-4.5千/月,食品检验员,异地,上海绿安餐饮管理有限公司,07-30
https://jobs.51job.com/wenzhou/99045299.html?s=01&t=0,3-4.5千/月,食品检验员,温州,上海禾御食品科技有限公司,07-30
https://jobs.51job.com/shenzhen-lgq/98514588.html?s=01&t=0,4.5-6千/月,食品检验员,深圳,中南国际人力资源（深圳）有限公司,07-30
https://jobs.51job.com/xiaogan/103839046.html?s=01&t=0,3-4.5千/月,食品检验员,异地,湖北小林古方生物科技有限公司,07-30
https://jobs.51job.com/shanghai-hpq/99785102.html?s=01&t=0,4.5-6千/月,食品检验员,上海,上海澳群国际贸易有限公司,07-30
https://jobs.51job.com/shanghai/69664872.html?s=01&t=0,3.5-5千/月,食品检验员,上海,谷季（上海）食品有限公司,07-30
https://jobs.51job.com/weinan/83860996.html?s=01&t=0,3-4千/月,食品检验员,异地,陕西红星美羚乳业股份有限公司,07-30
https://jobs.51job.com/chongqing-djx/92272782.html?s=01&t=0,3-4.5千/月,食品检验员,重庆,重庆西轩食品有限公司,07-30
https://jobs.51job.com/xuzhou/104877628.html?s=01&t=0,2.5-3千/月,食品检验员,徐州,徐州汉中福禧后勤服务有限公司,07-30
https://jobs.51job.com/suzhou-wjq/104178161.html?s=01&t=0,4-8千/月,食品检验员,苏州,苏州毛嫂食品有限公司,07-30
https://jobs.51job.com/chongqing-spbq/102350739.html?s=01&t=0,3-4.5千/月,食品检验员,重庆,重庆市磁器口陈麻花食品有限公司,07-30
https://jobs.51job.com/shanghai-qpq/94157414.html?s=01&t=0,3-4.5千/月,食品检验员,上海,上海至大食品有限公司,07-30
https://jobs.51job.com/shanghai-fxq/68030048.html?s=01&t=0,3-4.5千/月,食品检验员,上海,上海荷裕冷冻食品有限公司,07-30
https://jobs.51job.com/shanghai-mhq/75884550.html?s=01&t=0,2.5-4千/月,食品检验员,上海,上海百吉食品有限公司,07-30
https://jobs.51job.com/yangjiang/78002677.html?s=01&t=0,3-4.5千/月,食品检验员,异地,广东旺通食品有限公司,07-30
https://jobs.51job.com/guangzhou-pyq/97819227.html?s=01&t=0,3.5-5千/月,食品检验员,广州,广州纯享生物科技有限公司,07-30
https://jobs.51job.com/beijing/100846670.html?s=01&t=0,2-3千/月,食品检验员,北京,北京天福号食品销售有限公司,07-30
https://jobs.51job.com/guangzhou-byq/104474036.html?s=01&t=0,3-5千/月,食品检验员,广州,广州市养康保健食品有限公司,07-30
https://jobs.51job.com/guangzhou-byq/101019464.html?s=01&t=0,4.5-6千/月,食品检验员,广州,广州粤旺农业有限公司,07-30
https://jobs.51job.com/shenzhen-psq/104854917.html?s=01&t=0,4-6千/月,食品检验员,深圳,深圳艾美华邦生物科技有限公司,07-30
https://jobs.51job.com/shanghai-sjq/101506461.html?s=01&t=0,5-7千/月,食品检验员,上海,上海顶发食品有限公司,07-30
https://jobs.51job.com/xiangyang/95434008.html?s=01&t=0,3-4.5千/月,食品检验员,襄阳,正大食品（襄阳）有限公司,07-30
https://jobs.51job.com/shanghai-qpq/102644471.html?s=01&t=0,4-5千/月,食品检验员,上海,上海三元全佳乳业有限公司,07-30
https://jobs.51job.com/wuhan-jaq/99961456.html?s=01&t=0,3.5-4.5千/月,食品检验员,武汉,武汉市绿坡食品有限公司,07-30
https://jobs.51job.com/nanjing-qhq/82994740.html?s=01&t=0,3.5-5千/月,食品检验员,南京,江苏衡谱分析检测技术有限公司,07-30
https://jobs.51job.com/shanghai-sjq/98110637.html?s=01&t=0,4.5-5.5千/月,食品检验员/实验室检验员/在线检验员,上海,凯爱瑞配料贸易（上海）有限公司,07-30
https://jobs.51job.com/guangzhou-hdq/85713826.html?s=01&t=0,3-4千/月,食品检验员,广州,广州市益体健生物工程有限公司,07-30
https://jobs.51job.com/xiaogan/99295909.html?s=01&t=0,2.5-3.5千/月,食品检验员,孝感,孝感一品食品有限责任公司,07-30
https://jobs.51job.com/kaifeng/99626493.html?s=01&t=0,3-4.5千/月,诚招化验员（食品检验员）,开封,河南桐裕生物科技有限公司,07-30
https://jobs.51job.com/zhanjiang/95721071.html?s=01&t=0,3-5千/月,食品检验员,湛江,湛江市洋盛冷冻食品有限公司,07-30
https://jobs.51job.com/shanghai-mhq/101068409.html?s=01&t=0,5.5-6千/月,食品检验员,上海,上海鑫沣餐饮管理有限公司,07-30
https://jobs.51job.com/langfang/104605245.html?s=01&t=0,3-4.5千/月,食品检验员,异地,北京百花蜂业科技发展股份公司,07-29
https://jobs.51job.com/huizhou/88236951.html?s=01&t=0,3-4.5千/月,食品检验员,惠州,广东煌粮实业有限公司,07-29
https://jobs.51job.com/shenyang/102522257.html?s=01&t=0,3-4.5千/月,旺旺公司食品检验员,沈阳,沈阳市万众和劳务派遣有限公司,07-29
https://jobs.51job.com/guangzhou-pyq/87683753.html?s=01&t=0,3-4.5千/月,农残检测食品检验员,广州,广州市青麦源餐饮管理服务有限公司,07-29
https://jobs.51job.com/guangzhou-byq/97793254.html?s=01&t=0,2.8-3.5千/月,食品检验员,广州,中慈保健品科技开发有限公司,07-29
https://jobs.51job.com/guangzhou-zc/104011498.html?s=01&t=0,3-4.5千/月,食品检验员/质检员,广州,广州市嘉宝饮食管理服务有限公司,07-29
https://jobs.51job.com/nanjing/51027268.html?s=01&t=0,3-4.5千/月,食品检验员（微生物）,南京,南京金阳光乳品有限公司,07-29
https://jobs.51job.com/shanghai-fxq/101891295.html?s=01&t=0,6-8千/月,食品检验员,上海,上海冠生园食品有限公司,07-29
https://jobs.51job.com/hefei/94569188.html?s=01&t=0,2万以下/年,食品检验员,合肥,合肥雄力食品有限公司,07-29
https://jobs.51job.com/suzhou/96942024.html?s=01&t=0,3.5-4千/月,食品检验员（代招）,苏州,诺瑞沃（苏州）食品有限公司,07-28
https://jobs.51job.com/wuhan-hpq/85574208.html?s=01&t=0,3-5千/月,食品检验员,武汉,湖北洁源检测有限公司,07-28
https://jobs.51job.com/guangzhou/99242789.html?s=01&t=0,3-4千/月,食品检验员,异地,瑞吉曼（广州）生物科技有限公司,07-28
https://jobs.51job.com/nanjing-jnq/99835180.html?s=01&t=0,3-4.5千/月,食品检验员,异地,南京泓惠贸易有限公司,07-28
https://jobs.51job.com/suzhou/95353846.html?s=01&t=0,4.5-6千/月,食品检验员（品控）,苏州,昆山市顶丰食品有限公司,07-28
https://jobs.51job.com/dongguan-hj/104854785.html?s=01&t=0,4.5-6千/月,食品检验员,东莞,东莞市尚纯食品有限公司,07-28
https://jobs.51job.com/kunshan/104851070.html?s=01&t=0,4-6千/月,食品检验员,昆山,昆山泰吉食品企业有限公司,07-28
https://jobs.51job.com/shenzhen-gmxq/100136853.html?s=01&t=0,3-4.5千/月,食品检验员,深圳,深圳市太清凉茶甜品有限公司,07-28
https://jobs.51job.com/nanchong/103225135.html?s=01&t=0,2.7-3.5千/月,食品检验员,异地,四川新天太乳业有限公司,07-28
https://jobs.51job.com/guangzhou-ch/100026553.html?s=01&t=0,4.5-6千/月,食品检验员,广州,广州养慕生物科技有限公司,07-28
https://jobs.51job.com/zhongshan/102085872.html?s=01&t=0,3-4.5千/月,食品检验员,中山,中山市嘉宝乐食品饮料有限公司,07-28
https://jobs.51job.com/jinhua/104779908.html?s=01&t=0,4.5-6千/月,食品检验员,金华,金华市华益生物科技开发有限公司,07-28
https://jobs.51job.com/shanghai-mhq/103519023.html?s=01&t=0,3-4千/月,食品检验员,上海,上海龙神餐饮有限公司,07-28
https://jobs.51job.com/chengde/103648135.html?s=01&t=0,2-3千/月,食品检验员,承德,承德森源绿色食品有限公司,07-27
https://jobs.51job.com/liaocheng/101442560.html?s=01&t=0,3.5-4千/月,食品检验员（世界500强）企业,聊城,珠海市华丰食品工业（集团）有限公...,07-27
https://jobs.51job.com/qingdao-lxs/103045918.html?s=01&t=0,6-8千/月,食品检验员-工厂食材管理,青岛,希杰富乐味（青岛）商贸有限公司,07-27
https://jobs.51job.com/jinhua/101938696.html?s=01&t=0,3.5-5千/月,食品检验员,金华,浙江五丰冷食有限公司,07-27
https://jobs.51job.com/huaian/104233283.html?s=01&t=0,3-4.5千/月,食品检验员,淮安,淮安旺旺食品有限公司,07-27
https://jobs.51job.com/shanghai-pdxq/87125362.html?s=01&t=0,4.5-6千/月,食品检验员/检测员--色谱（可实习）,上海,上海格瑞产品检测有限公司,07-27
https://jobs.51job.com/zhenjiang/86235363.html?s=01&t=0,3-3.5千/月,食品检验员,镇江,镇江新区汉味斯食品有限公司,07-27
https://jobs.51job.com/shenzhen/64935222.html?s=01&t=0,3.5-5千/月,食品检验员,深圳,深圳新语餐饮管理有限公司,07-27
https://jobs.51job.com/wuhan/103918095.html?s=01&t=0,3-4.5千/月,食品检验员,武汉,维他奶（武汉）有限公司,07-27
https://jobs.51job.com/hangzhou/103297902.html?s=01&t=0,4.5-5千/月,食品检验员,杭州,美町宝植物科技（中国）有限公司,07-27
https://jobs.51job.com/beijing-dxq/102475752.html?s=01&t=0,4.5-6千/月,外企招聘食品检验员,北京,北京亦庄国际人力资源有限责任公司,07-27
https://jobs.51job.com/shaanxisheng/96469413.html?s=01&t=0,2.8-3.5千/月,食品检验员,异地,陕西海升果业发展股份有限公司渭南...,07-27
https://jobs.51job.com/shenzhen-baq/61283508.html?s=01&t=0,3-4.5千/月,食品检验员,深圳,深圳齐善食品有限公司,07-27
https://jobs.51job.com/shenzhen-psq/104149665.html?s=01&t=0,3.5-6千/月,食品检验员,深圳,深圳市名物良品商贸股份公司,07-27
https://jobs.51job.com/huzhou/94982530.html?s=01&t=0,3-4.5千/月,食品检验员,湖州,养生堂浙江食品有限公司,07-27
https://jobs.51job.com/hangzhou-bjq/102245781.html?s=01&t=0,3-5千/月,食品检验员,杭州,杭州味捷品牌管理集团有限公司,07-27
https://jobs.51job.com/shanghai-ypq/104213396.html?s=01&t=0,6-8千/月,食品检验员/工程师,上海,上海微谱化工技术服务有限公司,07-27
https://jobs.51job.com/kunming-cgq/102765222.html?s=01&t=0,3-4.5千/月,食品检验员,昆明,云南江氏兄弟桥香园餐饮管理有限公司,07-27
https://jobs.51job.com/shanghai-qpq/96107396.html?s=01&t=0,4.5-7千/月,食品检验员,上海,上海久利食品有限公司,07-27
https://jobs.51job.com/nanjing-qxq/104829860.html?s=01&t=0,3-4.5千/月,食品检验员,南京,南京超浔食品有限公司,07-27
https://jobs.51job.com/nantong/74789756.html?s=01&t=0,3.5-5.5千/月,食品检验员,南通,江苏俊启生物科技股份有限公司,07-27
https://jobs.51job.com/ningbo-fhq/81490899.html?s=01&t=0,3-4千/月,食品检验员（奉化方桥）,宁波,三江购物俱乐部股份有限公司,07-27
https://jobs.51job.com/huzhou/102390696.html?s=01&t=0,3-4.5千/月,食品检验员,湖州,湖州老恒和酿造有限公司,07-27
https://jobs.51job.com/zhuzhou/104793174.html?s=01&t=0,3.5-4千/月,食品检验员（下属公司）,株洲,湖南炎帝生物工程有限公司,07-27
https://jobs.51job.com/guangzhou-ch/89479668.html?s=01&t=0,3-4.5千/月,食品检验员/食品安全管理员,广州,广州市大西豪快餐有限公司,07-26
https://jobs.51job.com/suzhou/93814989.html?s=01&t=0,4-5万/年,品管/食品检验员,异地,苏州美格尔网络股份有限公司,07-26
https://jobs.51job.com/guangzhou/78896936.html?s=01&t=0,3-4.5千/月,食品检验员,广州,广东贤哥食品有限公司,07-26
https://jobs.51job.com/tianjin-jnq/92665734.html?s=01&t=0,2-3千/月,食品检验员,天津,天津市天麦食品有限公司,07-26
https://jobs.51job.com/shenzhen-baq/73439031.html?s=01&t=0,6-8千/月,食品检验员/食品化验员,深圳,深圳市伊都食品有限公司,07-26
https://jobs.51job.com/nanjing-glq/70019851.html?s=01&t=0,3-8千/月,食品检验员（食品QS咨询师方面）,南京,南京诺天经济信息咨询有限公司,07-26
https://jobs.51job.com/suqian/101610699.html?s=01&t=0,2-3千/月,食品检验员,宿迁,宿迁市果然食尚食品有限公司,07-26
https://jobs.51job.com/langfang/100361509.html?s=01&t=0,3-5千/月,食品检验员,廊坊,加州原野（北京）食品有限责任公司,07-26
https://jobs.51job.com/shanghai-hkq/97127749.html?s=01&t=0,4.5-6千/月,食品品控/食品检验员/食品安全专员,上海,上海钰丰生态农业科技发展有限公司,07-26
https://jobs.51job.com/shanghai-sjq/92897262.html?s=01&t=0,4.5-6千/月,食品检验员,上海,上海道金商贸有限公司,07-26
https://jobs.51job.com/dongguan/92424750.html?s=01&t=0,3-4.5千/月,食品检验员,东莞,广东大福锦食品有限公司,07-26
https://jobs.51job.com/foshan/102092036.html?s=01&t=0,3-4.5千/月,食品检验员,佛山,佛山市南海轩宝餐饮管理有限公司,07-26
https://jobs.51job.com/hangzhou/87364893.html?s=01&t=0,4.5-6千/月,食品检验员,杭州,杭州味全生技食品有限公司,07-26
https://jobs.51job.com/wuhan/99910237.html?s=01&t=0,3-4.5千/月,食品检验员/品控员,武汉,武汉市仟吉食品有限公司,07-26
https://jobs.51job.com/shenzhen/97899537.html?s=01&t=0,5-6千/月,5k包吃住食品检验员文员,深圳,深圳市张正实业有限公司,07-26
https://jobs.51job.com/shenzhen-baq/103040469.html?s=01&t=0,4.5-6千/月,食品检验员,深圳,深圳市顺香食品有限公司,07-25
https://jobs.51job.com/guangzhou-hpq/98669464.html?s=01&t=0,3-4.5千/月,食品检验员,广州,广州皇威食品有限公司,07-25
https://jobs.51job.com/shanghai-bsq/88181341.html?s=01&t=0,4.5-6千/月,食品检验员/检验员,上海,上海万诚食品有限公司,07-25
https://jobs.51job.com/nanjing-pkq/98571300.html?s=01&t=0,2.3-3千/月,食品检验员（短期）,南京,南京冠生园食品厂集团有限公司,07-25
https://jobs.51job.com/guangzhou-hpq/93566893.html?s=01&t=0,2-4千/月,食品检验员,广州,广州喜市多便利连锁有限公司,07-25
https://jobs.51job.com/tianshui/104506748.html?s=01&t=0,3-4.5千/月,食品检验员,天水,甘肃陇浆源农业科技有限公司,07-25
https://jobs.51job.com/chuzhou/104758754.html?s=01&t=0,4-6千/月,食品检验员,滁州,安徽恋尚你食品有限公司,07-24
https://jobs.51job.com/foshan-nhq/103643611.html?s=01&t=0,5-7千/月,食品检验员,佛山,佛山市创商汇电子商务有限公司,07-24
https://jobs.51job.com/jiaxing/104752309.html?s=01&t=0,4.5-6千/月,食品检验员,异地,海宁大维食品有限公司,07-24
https://jobs.51job.com/shenyang-hnq/100206878.html?s=01&t=0,2-4千/月,食品检验员,沈阳,辽宁格林生物药业集团股份有限公司,07-24
https://jobs.51job.com/shanghai-jsq/93422967.html?s=01&t=0,3-4.5千/月,食品检验员,上海,钰嘉（上海）食品有限公司,07-24
https://jobs.51job.com/fuzhou/101154228.html?s=01&t=0,2-3千/月,食品检验员,福州,福州统一企业有限公司,07-24
https://jobs.51job.com/fangchenggang/93669132.html?s=01&t=0,3-4.5千/月,品控专员（食品检验员）,防城,广西诚杨食品有限公司,07-24
https://jobs.51job.com/guangzhou/95508892.html?s=01&t=0,3-4.5千/月,食品检验员,广州,泉盛餐饮（上海）有限公司,07-24
https://jobs.51job.com/langfang/104689764.html?s=01&t=0,3-4.5千/月,食品检验员，饮料研发,异地,北京豆豆厨食品有限公司,07-24
https://jobs.51job.com/shenzhen-nsq/103927901.html?s=01&t=0,6-8千/月,食品检验员（代招）,深圳,深圳半岛城邦房地产开发有限公司,07-24
https://jobs.51job.com/shanghai-ptq/101739851.html?s=01&t=0,4.5-6千/月,食品检验员,上海,上海露多冷冻食品有限公司,07-24
https://jobs.51job.com/shenzhen-nsq/85007340.html?s=01&t=0,3-5千/月,食品检验员,深圳,须要科技（深圳）有限公司,07-23
https://jobs.51job.com/nanchang/100692721.html?s=01&t=0,3-4.5千/月,食品检验员,南昌,江西省人之初科技集团有限公司,07-23
https://jobs.51job.com/zhanjiang/104695005.html?s=01&t=0,3-4.5千/月,食品检验员,湛江,湛江优滑食品有限公司,07-23
https://jobs.51job.com/xian/82046058.html?s=01&t=0,3-4.5千/月,食品检验员,西安,陕西省石油产品质量监督检验二站有...,07-23
https://jobs.51job.com/shanghai-xhq/104662743.html?s=01&t=0,4.5-6千/月,Hygiene Doctor 食品检验员,上海,西藏大厦股份有限公司上海西藏大厦...,07-23
https://jobs.51job.com/shenzhen-lgq/100466635.html?s=01&t=0,3.8-4.5千/月,食品检验员,深圳,深圳市麦麦食品有限公司,07-23
https://jobs.51job.com/jiangmen/103118231.html?s=01&t=0,3-4.5千/月,食品检验员,江门,广东科隆生物科技有限公司,07-23
https://jobs.51job.com/shenzhen-nsq/103621378.html?s=01&t=0,3.5-4.5千/月,食品检验员,深圳,深圳市易宝食品有限公司,07-22
https://jobs.51job.com/guangzhou/96441866.html?s=01&t=0,3-4.5千/月,食品检验员,广州,广州市洁霞食品有限公司,07-22
https://jobs.51job.com/shanghai-sjq/103377910.html?s=01&t=0,4.5-6千/月,食品检验员,上海,上海望家欢农副产品有限公司,07-22
https://jobs.51job.com/guangzhou-pyq/102556468.html?s=01&t=0,3-5千/月,食品检验员/化验员,广州,广州焙心餐饮管理有限公司,07-21
https://jobs.51job.com/jingmen/104548840.html?s=01&t=0,4.5-6千/月,食品检验员,荆门,湖北洪森生物科技有限公司,07-20
https://jobs.51job.com/xian-bqq/101753375.html?s=01&t=0,3-4千/月,食品检验员,西安,西安御草药业有限公司,07-20
https://jobs.51job.com/qingdao/104438672.html?s=01&t=0,3-4.5千/月,食品检验员,异地,青岛大宫食品有限公司,07-19
https://jobs.51job.com/chengdu-pdq/94239888.html?s=01&t=0,3-4.5千/月,食品检验员,成都,成都煎饼道传承餐饮管理有限公司,07-19
https://jobs.51job.com/jiaxing/99503935.html?s=01&t=0,3-4.5千/月,食品检验员,嘉兴,浙江贪吃小站电子商务有限公司,07-19
https://jobs.51job.com/chongqing-ybq/96980101.html?s=01&t=0,3-4.5千/月,食品检验员,重庆,重庆市三品功能食品研究院有限公司,07-18
https://jobs.51job.com/yiyang/101849999.html?s=01&t=0,3-4.5千/月,食品检验员,益阳,益阳陈克明食品股份有限公司,07-18
https://jobs.51job.com/qingdao-cyq/101888741.html?s=01&t=0,3-4千/月,食品检验员/现场品控员,青岛,青岛沃隆国际贸易有限公司,07-18
https://jobs.51job.com/shanghai-ypq/103609766.html?s=01&t=0,4.5-6千/月,食品检验员,上海,上海夏朵餐饮有限公司,07-18
https://jobs.51job.com/shenzhen/90584940.html?s=01&t=0,4-4.5千/月,食品检验员,深圳,深圳市沙都实业发展有限公司,07-18
https://jobs.51job.com/xiamen/101637856.html?s=01&t=0,3.5-5.5千/月,食品检验员,厦门,厦门市以利沙矿泉水饮料有限公司,07-18
https://jobs.51job.com/kunshan/103144899.html?s=01&t=0,3.5-4.5千/月,食品检验员,异地,宏芳生物科技（昆山）有限公司,07-18
https://jobs.51job.com/zunyi/97996787.html?s=01&t=0,6-8千/月,食品检验员,异地,贵州湄潭茯莹食品开发有限公司,07-18
https://jobs.51job.com/shanghai-sjq/100921723.html?s=01&t=0,4.5-6千/月,食品检验员,上海,上海联鲜食品有限公司,07-17
https://jobs.51job.com/zhengzhou/102308104.html?s=01&t=0,3-4.5千/月,食品检验员-食品化验员,郑州,河南万仁药业有限公司,07-17
https://jobs.51job.com/shanghai-sjq/66599681.html?s=01&t=0,4-5千/月,食品检验员,上海,上海华妞食品有限公司,07-17
https://jobs.51job.com/beijing/96160742.html?s=01&t=0,3-4.5千/月,食品检验员,北京,北京银河雪生物科技开发有限公司,07-17
https://jobs.51job.com/guangzhou/102186499.html?s=01&t=0,3-4.5千/月,食品检验员/化验员,广州,广州市果宝食品有限公司,07-17
https://jobs.51job.com/guangzhou-zc/89495954.html?s=01&t=0,3-6千/月,食品检验员（理化）,广州,高培（广州）乳业有限公司,07-16
https://jobs.51job.com/xian-blq/101535630.html?s=01&t=0,3-4.5千/月,港务区食品检验员,西安,西安广裕宝企业管理有限责任公司,07-16
https://jobs.51job.com/guangzhou/68267759.html?s=01&t=0,4.5-6千/月,食品检验员,广州,广州白云山产品营销有限公司,07-16
https://jobs.51job.com/guangzhou-byq/103771936.html?s=01&t=0,3.5-5千/月,食品检验员（白云区工厂急招）,广州,广州愉奥生物科技有限公司,07-16
https://jobs.51job.com/taiyuan/104346386.html?s=01&t=0,2-3千/月,食品检验员,太原,山西五龙口海鲜农贸市场有限公司,07-16
https://jobs.51job.com/shenzhen-nsq/83714416.html?s=01&t=0,3-4.5千/月,食品检验员,深圳,深圳市碧图实业有限公司,07-16
https://jobs.51job.com/wuhan-hyq/91898258.html?s=01&t=0,2-3千/月,食品检验员,武汉,武汉罗莎食品有限公司,07-15
https://jobs.51job.com/beijing-xcq/104377565.html?s=01&t=0,3-5千/月,食品检验员,北京,北京古船食品有限公司,07-15
https://jobs.51job.com/yiyang/104368911.html?s=01&t=0,2.8-4千/月,食品检验员,益阳,辣妹子食品股份有限公司,07-15
https://jobs.51job.com/shenzhen-lhq/89107412.html?s=01&t=0,3-4.5千/月,欢乐蜂东门店 食品检验员,深圳,前程无忧代招聘,07-14
https://jobs.51job.com/chengdu/99082399.html?s=01&t=0,3-4.5千/月,食品检验员,成都,成都海湾食品有限公司,07-13
https://jobs.51job.com/foshan-ccq/103230722.html?s=01&t=0,6-8千/月,食品检验员,佛山,佛山安得利食品有限公司,07-13
https://jobs.51job.com/jiaozuo/81339754.html?s=01&t=0,2-3千/月,食品检验员,焦作,焦作市喜洽食品有限公司,07-13
https://jobs.51job.com/suzhou-wjq/103227359.html?s=01&t=0,3-4.5千/月,食品检验员,苏州,苏州饶太公食品有限公司,07-12
https://jobs.51job.com/heyuan/103505833.html?s=01&t=0,4.5-6千/月,食品检验员,河源,河源市吉龙翔生物科技有限公司,07-12
https://jobs.51job.com/foshan/95626369.html?s=01&t=0,2-3千/月,食品检验员,佛山,广州瑞森生物科技股份有限公司,07-10
https://jobs.51job.com/yangzhou/103130566.html?s=01&t=0,4-6千/月,食品检验员,扬州,扬州东园食品有限公司,07-10
https://jobs.51job.com/jinan/102323573.html?s=01&t=0,3-4.5千/月,食品检验员,济南,济南康发食品有限公司,07-10
https://jobs.51job.com/xiamen/103774149.html?s=01&t=0,3-4.5千/月,食品检验员,厦门,厦门德士食品有限公司,07-10
https://jobs.51job.com/chenzhou/94452776.html?s=01&t=0,2-3千/月,食品检验员,郴州,郴州市汝华生态食品有限公司,07-09
https://jobs.51job.com/shanghai-sjq/102999389.html?s=01&t=0,4.5-6千/月,食品检验员,上海,上海红琪果蔬园艺有限公司,07-09
https://jobs.51job.com/chizhou/96712723.html?s=01&t=0,4.5-5.5千/月,食品检验员,异地,安徽世界村功能饮品有限公司,07-09
https://jobs.51job.com/guilin/103925034.html?s=01&t=0,2-3千/月,食品检验员,桂林,桂林三养胶麦生态食疗产业有限责任...,07-08
https://jobs.51job.com/shanghai-sjq/102764413.html?s=01&t=0,4-5千/月,食品检验员,上海,上海心中甜农业发展有限公司,07-07
https://jobs.51job.com/shenzhen-lgq/97961572.html?s=01&t=0,3-4.5千/月,食品检验员,深圳,上海卫清食品有限公司,07-07
https://jobs.51job.com/beijing-hrq/89654113.html?s=01&t=0,3-4千/月,食品检验员,北京,内蒙古蒙牛乳业（集团）股份有限公...,07-06
https://jobs.51job.com/ningbo/93031549.html?s=01&t=0,4-6千/月,食品化验员/食品检验员 (明光食品）,宁波,奉化市明光食品有限公司,07-06
https://jobs.51job.com/dongguan-spz/100291114.html?s=01&t=0,3-4.5千/月,食品检验员,异地,广州市凯信香精香料有限公司,07-06
https://jobs.51job.com/dezhou/102027253.html?s=01&t=0,2.5-3.5千/月,食品检验员,德州,东君乳业（禹城）有限公司,07-06
https://jobs.51job.com/guangzhou-pyq/82987783.html?s=01&t=0,3-5千/月,食品检验员QC,广州,广州市爱康伊品实业有限公司,07-04
https://jobs.51job.com/shanghai-mhq/95285136.html?s=01&t=0,4-6千/月,食品检验员,上海,上海香酷食品有限公司,07-04
https://jobs.51job.com/jinan/104006888.html?s=01&t=0,3.5-5千/月,食品检验员,济南,山东佳宝集团有限公司,07-04
https://jobs.51job.com/chongqing-jjq/100800637.html?s=01&t=0,3.5-4千/月,食品检验员,重庆,重庆博力生物科技有限公司,07-04
https://jobs.51job.com/ningbo-gx/103393038.html?s=01&t=0,4.5-6千/月,食品检验员,宁波,浙江天泽电子科技股份有限公司,07-03
https://jobs.51job.com/dongguan-dcq/103958870.html?s=01&t=0,5-7千/月,食品检验员,东莞,东莞市绿苑农副产品配送服务有限公司,07-02
https://jobs.51job.com/urumqi/102754848.html?s=01&t=0,4-5千/月,食品检验员,乌鲁,新疆吴佳餐饮有限责任公司,07-02
https://jobs.51job.com/chongqing-naq/100680975.html?s=01&t=0,3-4.5千/月,食品检验员兼业务员,重庆,重庆汉丰扬力贸易有限责任公司,07-01
https://jobs.51job.com/hadongbin-ngq/103270409.html?s=01&t=0,100元/天,食品检验员,哈尔,哈尔滨市南岗区冰城九洲源肉食品加...,07-01
https://jobs.51job.com/hubeisheng/93043609.html?s=01&t=0,3-4.5千/月,食品检验员,异地,汉川市晋江福源食品有限公司,06-30
https://jobs.51job.com/hangzhou-jgq/58030315.html?s=01&t=0,3.3-4.5千/月,食品检验员（五险一金，包吃住）,杭州,杭州顶生食品有限公司,06-30
https://jobs.51job.com/shanghai-sjq/78435975.html?s=01&t=0,4.5-6千/月,食品检验员,上海,上海统御食品有限公司,06-29
https://jobs.51job.com/taian/93222480.html?s=01&t=0,3-4.5千/月,食品检验员,泰安,山东泰山啤酒有限公司,06-28
https://jobs.51job.com/shanghai-pdxq/89269109.html?s=01&t=0,3-5千/月,食品检验员,上海,丰收日（集团）股份有限公司,06-28
https://jobs.51job.com/guangzhou-pyq/98750319.html?s=01&t=0,4-6千/月,食品检验员/质检员（包工作餐）,广州,广州澳港源食品有限公司,06-28
https://jobs.51job.com/chongqing-naq/95613534.html?s=01&t=0,2-3千/月,食品检验员,重庆,重庆野山珍商贸有限公司,06-27
https://jobs.51job.com/zibo/103303530.html?s=01&t=0,3-4.5千/月,食品检验员,淄博,山东井粮食品有限公司,06-26
https://jobs.51job.com/shanghai-jdq/98050106.html?s=01&t=0,6-8千/月,食品检验员,上海,上海爱宝健企业管理服务有限公司,06-25
https://jobs.51job.com/wuhan-hpq/98634887.html?s=01&t=0,3-6千/月,食品检验员,武汉,武汉老村长私募菜餐饮有限公司,06-25
https://jobs.51job.com/nanjing-lsq/103197227.html?s=01&t=0,3-4.5千/月,食品检验员,南京,南京市瑞康蜂业有限公司,06-24
https://jobs.51job.com/hangzhou-yhq/99762797.html?s=01&t=0,3-4.5千/月,食品检验员,杭州,杭州新望族科技有限公司,06-23
https://jobs.51job.com/hengyang/103251557.html?s=01&t=0,2-3千/月,食品检验员,衡阳,湖南味了谁食品有限责任公司,06-22
https://jobs.51job.com/chongqing-spbq/99354414.html?s=01&t=0,3-3.5千/月,食品检验员,重庆,重庆市云日信息技术有限公司,06-22
https://jobs.51job.com/lijiang/96199786.html?s=01&t=0,2-3千/月,食品检验员,丽江,丽江馨雅缘餐饮管理有限公司,06-22
https://jobs.51job.com/guangzhou-byq/92003248.html?s=01&t=0,3.5-4.5千/月,食品检验员,广州,广州市天旭食品添加剂有限公司,06-22
https://jobs.51job.com/shenzhen-lhxq/100721145.html?s=01&t=0,3.5-6千/月,食品检验员,深圳,深圳市好朋友国际品牌管理有限公司,06-22
https://jobs.51job.com/shizuishan/103395184.html?s=01&t=0,3-4.5千/月,食品检验员,石嘴,德希恩实业（宁夏）有限公司,06-21
https://jobs.51job.com/chengdu/85167344.html?s=01&t=0,2-3千/月,食品检验员,成都,四川省广德成食品有限公司,06-20
https://jobs.51job.com/wuhan/91492509.html?s=01&t=0,2-3千/月,食品检验员,武汉,武汉雅元肉类食品股份有限公司,06-20
https://jobs.51job.com/shenzhen-baq/97652126.html?s=01&t=0,4.5-6千/月,食品检验员,异地,华测检测认证集团食品药品农产品及...,06-19
https://jobs.51job.com/jiangmen/103463887.html?s=01&t=0,4-8千/月,食品检验员,江门,江门市佳颂贸易有限公司,06-18
https://jobs.51job.com/chengdu/86222739.html?s=01&t=0,2-3千/月,食品检验员,成都,四川成都天德利实业发展有限公司,06-17
https://jobs.51job.com/shenzhen/73141306.html?s=01&t=0,5-6千/月,食品检验员,深圳,深圳龙唛粮油有限公司,06-16
https://jobs.51job.com/shanghai-jsq/86082980.html?s=01&t=0,4.5-6千/月,食品检验员,上海,上海麦隆贸易有限公司,06-16
https://jobs.51job.com/guangzhou-hpq/90597553.html?s=01&t=0,3-4.5千/月,食品检验员,广州,广东新海得实业有限公司,06-15
https://jobs.51job.com/guangzhou-zc/103021946.html?s=01&t=0,1.5千以下/月,食品检验员（实习）,广州,广州市增城质量技术监督检测所,06-14
https://jobs.51job.com/shanghai-mhq/96121710.html?s=01&t=0,3-4.5千/月,食品检验员,上海,上海欧陆食品有限公司,06-12
https://jobs.51job.com/guangzhou-byq/103247966.html?s=01&t=0,4-6千/月,食品检验员,广州,广州市晨曦食品有限公司,06-12
https://jobs.51job.com/guangzhou-hpq/93544012.html?s=01&t=0,3-4.5千/月,食品检验员,广州,精益和泰质量检测股份有限公司,06-12
https://jobs.51job.com/shanghai-pdxq/101994242.html?s=01&t=0,4.5-6千/月,食品检验员,上海,中兴通讯股份有限公司,06-08
https://jobs.51job.com/nanchang-hgt/102662805.html?s=01&t=0,3-4.5千/月,食品检验员,南昌,江西德煦实业有限公司,06-08
https://jobs.51job.com/hefei-gxq/102020734.html?s=01&t=0,3-3.5千/月,食品检验员,合肥,蜀王餐饮投资控股集团有限公司,06-07
https://jobs.51job.com/qingdao-lsq/93750798.html?s=01&t=0,3-4.5千/月,食品检验员,青岛,中诚海诺有限公司,06-07
https://jobs.51job.com/shenzhen-lhq/99469443.html?s=01&t=0,3-4.5千/月,食品检验员,深圳,深圳市安多宝食品有限公司,06-07
https://jobs.51job.com/nanjing/100534693.html?s=01&t=0,3.5-4.5千/月,食品检验员,南京,南京万达乐园文化产业有限公司,06-05
https://jobs.51job.com/huizhou/97165785.html?s=01&t=0,4.5-6千/月,食品检验员,异地,金牌小龙餐饮管理（深圳）有限公司,06-05
https://jobs.51job.com/guangzhou-pyq/95370398.html?s=01&t=0,3-4.5千/月,食品检验员,广州,广州市大塘餐饮管理有限公司,06-05
https://jobs.51job.com/jian/91166585.html?s=01&t=0,3-4.5千/月,食品检验员,吉安,井冈山赛文矿泉水有限公司,06-04
https://jobs.51job.com/xian-jjjs/97338158.html?s=01&t=0,2-3千/月,食品检验员,西安,西安智诚生物科技有限公司,06-04
https://jobs.51job.com/chengdu/93385964.html?s=01&t=0,5-7万/年,食品检验员,成都,四川蓝城检测技术有限公司,06-03
https://jobs.51job.com/changde/90288421.html?s=01&t=0,5-5.5千/月,食品检验员（食宿+五险）,异地,开源置业集团有限公司,05-31
https://jobs.51job.com/guangzhou-byq/92565354.html?s=01&t=0,2.5-3.5千/月,食品检验员,广州,广州市乐真多食品有限公司,05-31
https://jobs.51job.com/wuxi/102385791.html?s=01&t=0,2.5-3.5千/月,食品检验员,无锡,无锡市新新食品有限公司,05-31
https://jobs.51job.com/guangzhou-pyq/105078802.html?s=01&t=0,4-5.5千/月,食品品控员,广州,广州米窝餐饮有限公司,07-30
https://jobs.51job.com/shanwei/105066928.html?s=01&t=0,3-4千/月,食品质检QC,汕尾,汕头市能讯科技信息有限公司,07-30
https://jobs.51job.com/chengdu-jnq/104956363.html?s=01&t=0,4-5千/月,品质主管,成都,四川全亿佰农业开发有限公司,07-30
https://jobs.51job.com/shanghai-qpq/66388481.html?s=01&t=0,4.5-6千/月,食品检验专员,上海,上海味多美,07-30
https://jobs.51job.com/shanghai-sjq/67894483.html?s=01&t=0,4.5-6千/月,品管部担当,上海,悠哈味觉糖食品(上海）有限公司,07-30
https://jobs.51job.com/taicang/104152350.html?s=01&t=0,4.5-6千/月,质检员,异地,聚鲜网络科技（上海）有限公司,07-30
https://jobs.51job.com/heyuan/100331008.html?s=01&t=0,4.5-6千/月,食品检测员,河源,广东聪明人集团有限公司,07-30
https://jobs.51job.com/shanghai-qpq/83799279.html?s=01&t=0,1-1.5万/月,质量经理,上海,上海金萌苏浙汇餐饮有限公司,07-30
https://jobs.51job.com/shanghai-mhq/104944831.html?s=01&t=0,4.5-6千/月,现场品控员,上海,上海恒孚农业科技有限公司,07-30
https://jobs.51job.com/jiangmen/77191294.html?s=01&t=0,2.9-4千/月,食品化验员,江门,江门阿具食品有限公司,07-30
https://jobs.51job.com/shanghai-pdxq/91628112.html?s=01&t=0,3-4.5千/月,化验员/品控员,上海,上海士甜食品贸易有限公司,07-30
https://jobs.51job.com/beijing-syq/65962711.html?s=01&t=0,3-4.5千/月,化验员,北京,北京竞裕府食品有限公司,07-30
https://jobs.51job.com/chengdu-jtx/98135457.html?s=01&t=0,2.8-5千/月,现场品控员,成都,四川新雅轩生物科技有限公司,07-30
https://jobs.51job.com/jinhua/105030212.html?s=01&t=0,7-15万/年,现场品控员,金华,金华好乐多食品有限公司,07-30
https://jobs.51job.com/shenyang/97899899.html?s=01&t=0,2-3千/月,食品化验员,沈阳,沈阳恒生生物科技发展有限公司,07-30
https://jobs.51job.com/yantai/94630833.html?s=01&t=0,2-3千/月,化验员,烟台,烟台中宠食品股份有限公司,07-30
https://jobs.51job.com/shanghai-qpq/104388087.html?s=01&t=0,5-8千/月,品控专员,上海,上海红唇餐饮管理有限公司,07-30
https://jobs.51job.com/guangzhou-hdq/102731355.html?s=01&t=0,3.5-6千/月,食品化验员,广州,健码制药(广东)有限公司,07-30
https://jobs.51job.com/shanghai-sjq/84256359.html?s=01&t=0,4.5-6千/月,检验员/化验员（急）,上海,上海纽贝滋营养乳品有限公司,07-30
https://jobs.51job.com/wuhan/105012018.html?s=01&t=0,3-4.5千/月,检验员,武汉,武汉中粮肉食品有限公司,07-30
https://jobs.51job.com/ningbo-cxs/104988877.html?s=01&t=0,5-6千/月,食品检测专员,宁波,宁波方太厨具有限公司,07-30
https://jobs.51job.com/beijing-cpq/105000954.html?s=01&t=0,4-5千/月,食品检验,北京,北京五湖四海人力资源有限公司,07-30
https://jobs.51job.com/xian-wyq/102411171.html?s=01&t=0,3-4.5千/月,化验员（泾阳）,西安,西安百代餐饮管理有限公司,07-30
https://jobs.51job.com/guangzhou-byq/97629822.html?s=01&t=0,3-4.5千/月,微检员,广州,广州笔匠化妆品有限公司,07-30
https://jobs.51job.com/chengdu/96194676.html?s=01&t=0,3-4.5千/月,食品化验员,成都,成都汇城食品有限公司,07-30
https://jobs.51job.com/shanghai-cnq/94803623.html?s=01&t=0,4.5-6千/月,品保/品控/检验员,上海,上海广成餐饮管理有限公司,07-30
https://jobs.51job.com/zhaoqing/76371347.html?s=01&t=0,3-4.5千/月,化验员,肇庆,肇庆市振业水产冷冻有限公司,07-30
https://jobs.51job.com/suzhou-gyyq/92999250.html?s=01&t=0,5-7千/月,食品检测报告审核,苏州,谱尼测试集团江苏有限公司,07-30
https://jobs.51job.com/jingzhou/100909116.html?s=01&t=0,5-6千/月,质量检测工程师/检验主管,异地,湖北酷我乳业股份有限公司,07-30
https://jobs.51job.com/hefei-fxx/103069625.html?s=01&t=0,4-8千/月,品质管控员,合肥,安徽知香斋食品有限公司,07-30
https://jobs.51job.com/guangzhou-hpq/82541671.html?s=01&t=0,3-4.5千/月,化验员,广州,广州海莎生物科技有限公司,07-30
https://jobs.51job.com/shanghai-qpq/104759906.html?s=01&t=0,0.8-1万/月,品控主管/质量主管（青浦工业区）,上海,上海世好餐饮管理有限公司,07-30
https://jobs.51job.com/zhuhai-xzq/103092033.html?s=01&t=0,3-4.5千/月,品控检验员,珠海,珠海中珠农牧投资有限公司,07-30
https://jobs.51job.com/zhaoqing/88247957.html?s=01&t=0,3.5-5千/月,食品化验员,肇庆,广东春晓食品有限公司,07-30
https://jobs.51job.com/guangzhou-hzq/86403149.html?s=01&t=0,3-4.5千/月,食品检测助理-研究所上班,广州,广州建方人力资源服务有限公司,07-30
https://jobs.51job.com/suzhou-gyyq/86034378.html?s=01&t=0,3-6千/月,食品检验 五险一金+包吃住,苏州,苏州烨嘉瑞食品有限公司,07-30
https://jobs.51job.com/dalian-lskq/103128141.html?s=01&t=0,2-3千/月,食品化验员,大连,大连海晏堂生物有限公司,07-30
https://jobs.51job.com/jinshuiqu/82905037.html?s=01&t=0,4.5-6千/月,QC/食品检验工程师,郑州,郑州笨农农业科技有限公司,07-30
https://jobs.51job.com/shenzhen/92436196.html?s=01&t=0,2-3千/月,食品检测实习生,深圳,华测检测认证集团股份有限公司,07-30
https://jobs.51job.com/guangzhou-pyq/93218494.html?s=01&t=0,4-4.5千/月,食品化验员,广州,广州丹吉儿生物科技有限公司,07-30
https://jobs.51job.com/shanghai-jdq/63489870.html?s=01&t=0,4.5-6千/月,品质主管,上海,上海鸿达包装饰品有限公司,07-30
https://jobs.51job.com/shenzhen/94980224.html?s=01&t=0,4.5-6千/月,品控专员,深圳,深圳壹点壹客电子商务有限公司,07-30
https://jobs.51job.com/huangshan/89520062.html?s=01&t=0,2-3千/月,食品化验员,黄山,黄山天丰食品股份有限公司,07-30
https://jobs.51job.com/foshan/97118086.html?s=01&t=0,4.5-6千/月,食品化验员,佛山,佛山市南海穗扬食品原料有限公司,07-30
https://jobs.51job.com/suining/100410336.html?s=01&t=0,2-4千/月,现场品控（绝味鸭脖）,遂宁,四川阿宁食品有限公司,07-30
https://jobs.51job.com/nanjing/93995020.html?s=01&t=0,3.5-5千/月,检测中心化验员.,南京,南京桂花鸭（集团）有限公司,07-30
https://jobs.51job.com/jiaxing/98587465.html?s=01&t=0,4.5-6千/月,食品化验员,嘉兴,上海潮乡源食品有限公司,07-30
https://jobs.51job.com/qingdao-cyq/83859930.html?s=01&t=0,4-6千/月,品控专员/品控/食品检测,青岛,青岛腾程伟业餐饮实业有限公司,07-30
https://jobs.51job.com/wuhan-dxhq/93186709.html?s=01&t=0,4-5千/月,微生物检验员（高薪）,武汉,武汉麦朗医疗科技有限公司,07-30
https://jobs.51job.com/kunming/104944480.html?s=01&t=0,6-8千/月,食品检验部经理,昆明,云南云水间检测科技有限公司,07-30
https://jobs.51job.com/shantou/104892572.html?s=01&t=0,6.5-7.5千/月,食品质量检测员,汕头,深圳兆利丰集团,07-30
https://jobs.51job.com/shenzhen-baq/97309080.html?s=01&t=0,1-2万/月,食品检测技术负责人,深圳,深圳市粤环科检测技术有限公司,07-30
https://jobs.51job.com/foshan-sdq/104822068.html?s=01&t=0,4.5-5千/月,食品检测专员,佛山,佛山市扬森网络科技有限公司,07-30
https://jobs.51job.com/shenzhen-lhxq/103360225.html?s=01&t=0,4.5-6千/月,质检员,深圳,盈卓投资（深圳）有限公司,07-30
https://jobs.51job.com/zhangzhou/85948822.html?s=01&t=0,2-3千/月,食品化验员,漳州,龙海市旭源食品有限公司,07-30
https://jobs.51job.com/hefei/98304059.html?s=01&t=0,6-8千/月,食品检测项目主管,合肥,河南广电计量检测有限公司,07-30
https://jobs.51job.com/shanghai-ptq/61288470.html?s=01&t=0,4-5.5千/月,品控专员,上海,上海克莉丝汀食品有限公司,07-30
https://jobs.51job.com/wuhan-hsq/97468320.html?s=01&t=0,3.6-6千/月,食品检验及标准化管理工程师,武汉,湖北食在老家生态食品科技有限公司,07-30
https://jobs.51job.com/kunming-jnq/61559335.html?s=01&t=0,4.5-6千/月,品控主管,昆明,云南春天农产品有限公司,07-30
https://jobs.51job.com/chengdu-wjq/102315067.html?s=01&t=0,2.8-5千/月,生产QC,成都,成都百卡弗食品有限公司,07-30
https://jobs.51job.com/xian-gxjs/104810894.html?s=01&t=0,0.8-1万/月,技术负责人/实验室主任（食品检测）,西安,广电计量检测（西安）有限公司,07-30
https://jobs.51job.com/beijing/87728252.html?s=01&t=0,3-4.5千/月,质检员,北京,呷哺呷哺餐饮管理有限公司总部,07-30
https://jobs.51job.com/zhongshan/104908565.html?s=01&t=0,3-6千/月,化验员,中山,中山市老行尊科技有限公司,07-30
https://jobs.51job.com/kunshan/66916342.html?s=01&t=0,3-4.5千/月,食品工厂质检员、化验员,昆山,必优食品工业（昆山）有限公司,07-30
https://jobs.51job.com/foshan/95300298.html?s=01&t=0,4.5-6千/月,化验员,佛山,佛山市南海区里水怡华食品有限公司,07-30
https://jobs.51job.com/nanjing/103060794.html?s=01&t=0,3-4.5千/月,品控专员,南京,南京寸打丁食品有限公司,07-30
https://jobs.51job.com/shenyang-shq/103433537.html?s=01&t=0,3-4.5千/月,正规企业质检员+五险一金+食宿,沈阳,辽宁蒲缇食品有限公司,07-30
https://jobs.51job.com/shanghai-sjq/102966056.html?s=01&t=0,4-6千/月,现场品控员,上海,上海立坤食品有限公司,07-30
https://jobs.51job.com/shenzhen-lgq/78492228.html?s=01&t=0,3-4.5千/月,食品检验,深圳,深圳市宏兴进出口有限公司,07-30
https://jobs.51job.com/overseas/89277380.html?s=01&t=0,6-8千/月,质检员（越南）,异地,沙巴哇（中国）,07-30
https://jobs.51job.com/guangzhou-pyq/80007937.html?s=01&t=0,3-4.5千/月,现场品管,广州,广州倍享生物科技有限公司,07-30
https://jobs.51job.com/guangzhou-ch/102728469.html?s=01&t=0,3-5千/月,食品化验员,广州,广州市舜成食品有限公司,07-30
https://jobs.51job.com/qingdao-hdq/93002081.html?s=01&t=0,4.5-6.5千/月,食品质检QC,青岛,美国范德吕南农产品公司青岛代表处,07-30
https://jobs.51job.com/shanghai-qpq/92976612.html?s=01&t=0,4-6千/月,化验员,上海,上海粮全其美食品有限公司,07-30
https://jobs.51job.com/wuhan/84870097.html?s=01&t=0,3-4.5千/月,检验工程师,武汉,武汉市劲宝食品有限公司,07-30
https://jobs.51job.com/guangzhou-byq/102936897.html?s=01&t=0,6-8千/月,质检员,广州,西乐健康科技股份有限公司,07-30
https://jobs.51job.com/guangzhou-hpq/85896429.html?s=01&t=0,4.5-6万/年,助理质检员/质检员,广州,广州屈臣氏食品饮料有限公司 Guan...,07-30
https://jobs.51job.com/qingyuan/80705958.html?s=01&t=0,4.5-6千/月,食品化验研发,异地,深圳市泰盛生物科技有限公司,07-30
https://jobs.51job.com/hangzhou/104230204.html?s=01&t=0,4-5千/月,食品检验,杭州,杭州汇捷食品配料有限公司,07-30
https://jobs.51job.com/suzhou-xcq/84184143.html?s=01&t=0,3-4.5千/月,西点蛋糕工厂品控专员（带食品检验工证书）,苏州,苏州市欧可巧克力食品有限公司,07-30
https://jobs.51job.com/chengdu-pdq/93375833.html?s=01&t=0,3.5-4千/月,车间助理-郫县,成都,四川饭扫光食品股份有限公司,07-30
https://jobs.51job.com/ningbo/94473472.html?s=01&t=0,3-4.5千/月,食品检测(化验）员,宁波,宁波爱默隆生鲜连锁有限公司,07-30
https://jobs.51job.com/tianjin-xqq/93183319.html?s=01&t=0,3-5千/月,光谱检测员,天津,天津市康婷生物工程有限公司,07-30
https://jobs.51job.com/jiangmen/104258437.html?s=01&t=0,4-6千/月,化验主管,江门,广东华糖实业有限公司,07-30
https://jobs.51job.com/shanghai-ptq/98568884.html?s=01&t=0,5-6千/月,品控专员,上海,上海唯奇茶业有限公司,07-30
https://jobs.51job.com/beijing-syq/95457005.html?s=01&t=0,3-4.5千/月,现场品控员,北京,北京顺鑫农业股份有限公司创新食品...,07-30
https://jobs.51job.com/zhongshan/82746739.html?s=01&t=0,5.6-6.8千/月,食品质量主任,中山,台北纯K,07-30
https://jobs.51job.com/shanghai-sjq/73520982.html?s=01&t=0,4.5-6千/月,品控专员,上海,上海铭氏食品集团有限公司,07-30
https://jobs.51job.com/shanghai-mhq/46359639.html?s=01&t=0,4.5-6千/月,化验员,上海,上海远东食品有限公司,07-30
https://jobs.51job.com/beijing-tzq/85257354.html?s=01&t=0,3-4.5千/月,化验员,北京,新旺（投资）中国有限公司,07-30
https://jobs.51job.com/shenzhen/104026394.html?s=01&t=0,3.5-6.5千/月,食品检测报告审核工程师,深圳,深圳市中鼎检测技术有限公司,07-30
https://jobs.51job.com/shenzhen/101788113.html?s=01&t=0,3-5千/月,食品检测报告文员,深圳,东莞市中鼎检测技术有限公司,07-30
https://jobs.51job.com/chengdu-lqyq/102198649.html?s=01&t=0,4.5-6千/月,食品检测专员（第三方检测机构）,成都,北京智云达科技股份有限公司,07-30
https://jobs.51job.com/hadongbin-pfq/87367019.html?s=01&t=0,2-3千/月,食品化验员,哈尔,哈尔滨昊德餐饮管理有限公司,07-30
https://jobs.51job.com/shenzhen-lgq/101041177.html?s=01&t=0,4.5-6千/月,食品QC,深圳,深圳饭来科技有限公司,07-30
https://jobs.51job.com/shanghai-jaq/95432618.html?s=01&t=0,4.5-6千/月,食品质检,上海,上海达尔威贸易有限公司,07-30
https://jobs.51job.com/shenzhen-lhq/104607569.html?s=01&t=0,4-6千/月,品控专员,深圳,gaga鲜语,07-30
https://jobs.51job.com/huizhou/102817247.html?s=01&t=0,4-7千/月,食品检测主管,异地,惠州方舟检测技术有限公司,07-30
https://jobs.51job.com/shanghai-fxq/102754839.html?s=01&t=0,6-8千/月,现场质检（食品）,上海,上海宜事食品有限公司,07-30
https://jobs.51job.com/overseas/103489868.html?s=01&t=0,1-1.5万/月,质量主管（印尼工厂）,国外,上海北连生物科技有限公司,07-30
https://jobs.51job.com/nanjing/101550849.html?s=01&t=0,3-4.5千/月,现场品控员,南京,南京味洲航空食品股份有限公司,07-30
https://jobs.51job.com/qingdao/98864282.html?s=01&t=0,3-4.5千/月,食品检测/食品安全,青岛,青岛迈科思软件有限责任公司,07-30
https://jobs.51job.com/shanghai/94585302.html?s=01&t=0,6-8千/月,食品化验员,上海,上海威镇鸣实业有限公司,07-30
https://jobs.51job.com/jinan-lcq/103716706.html?s=01&t=0,4-5千/月,食品化验员,济南,山东泉味轩餐饮管理咨询有限公司,07-30
https://jobs.51job.com/chengdu-pdq/99323984.html?s=01&t=0,3-4.5千/月,食品化验员,成都,成都剀驹食品有限公司,07-30
https://jobs.51job.com/chengdu-pdq/101482222.html?s=01&t=0,3-4.5千/月,产品工艺开发,成都,四川高福记生物科技有限公司,07-30
https://jobs.51job.com/xinxiang/97969629.html?s=01&t=0,4-6千/月,4000元起诚聘食品检测员,异地,郑州曼玉餐饮企业管理有限公司,07-30
https://jobs.51job.com/shanghai-jsq/48959326.html?s=01&t=0,4.5-6千/月,品控专员,上海,绝味食品上海,07-30
https://jobs.51job.com/shanghai-jdq/102958094.html?s=01&t=0,4-5.5千/月,食品化验员,上海,上海可颂食品有限公司,07-30
https://jobs.51job.com/guangzhou-byq/65143613.html?s=01&t=0,3.5-5千/月,食品检验（工厂）,广州,广州康玛仕生物科技有限公司,07-30
https://jobs.51job.com/shanghai-jsq/101497527.html?s=01&t=0,4.5-6千/月,质量管理工程师/QC/食品检验,上海,南侨食品集团（上海）股份有限公司,07-30
https://jobs.51job.com/zhongshan/78546862.html?s=01&t=0,3-4.5千/月,食品检测销售―中山办事处,异地,谱尼测试集团深圳有限公司,07-30
https://jobs.51job.com/foshan/89979458.html?s=01&t=0,4.5-6千/月,QA,佛山,广东橙天绿宝生物医药开发有限公司,07-30
https://jobs.51job.com/quzhou/68981008.html?s=01&t=0,2-3千/月,食品检验,衢州,浙江明旺乳业有限公司,07-30
https://jobs.51job.com/guangzhou-hpq/64096078.html?s=01&t=0,4.5-6千/月,食品检验（检测人员、化验人员）,广州,广州泽力医药科技有限公司,07-30
https://jobs.51job.com/guangzhou/102249153.html?s=01&t=0,3.5-4.5千/月,食品化验员,广州,广州市冠富餐饮企业管理有限公司,07-30
https://jobs.51job.com/shanghai/68768961.html?s=01&t=0,3-4.5千/月,工厂质量保证技术员-原材料验收,上海,上海味好美食品有限公司,07-30
https://jobs.51job.com/shenzhen-lgq/102678322.html?s=01&t=0,3-4.5千/月,食品化验员,深圳,深圳市新荣阳食品科技有限公司,07-30
https://jobs.51job.com/shanghai-pdxq/89285868.html?s=01&t=0,1.2-1.5万/月,食品检测总监,上海,上海挪亚检测认证集团有限公司,07-30
https://jobs.51job.com/hangzhou-xhq/101445494.html?s=01&t=0,3-4.5千/月,食品检验分析员,杭州,浙江多谱检测科技有限公司,07-30
https://jobs.51job.com/shanghai-jaq/89897449.html?s=01&t=0,0.8-1万/月,技术支持（食品检测）,上海,上海必诺检测技术服务有限公司,07-30
https://jobs.51job.com/changsha/89381457.html?s=01&t=0,3-4.5千/月,食品检验（欢迎应届生）,长沙,湖南荣诚食品有限公司,07-30
https://jobs.51job.com/zhangzhou/103024930.html?s=01&t=0,3-4.5千/月,食品化验员,漳州,芭米（中国）有限公司,07-30
https://jobs.51job.com/changchun/103674675.html?s=01&t=0,2.5-3千/月,化验员,长春,吉林省阿满食品有限公司,07-30
https://jobs.51job.com/shenzhen-baq/95400935.html?s=01&t=0,1.5-2万/月,食品检测技术经理,深圳,深圳世标检测认证股份有限公司,07-30
https://jobs.51job.com/shanghai-sjq/72421018.html?s=01&t=0,3-4.5千/月,上市公司食品品控员,上海,领驰食品发展（上海）有限公司（味...,07-30
https://jobs.51job.com/jiangmen/95802207.html?s=01&t=0,3-4.5千/月,化验员,江门,广东中轻糖业集团有限公司,07-30
https://jobs.51job.com/shanghai-jsq/101417516.html?s=01&t=0,4.5-6千/月,QC/食品检验/品管/质量管理工程师,上海,南侨,07-30
https://jobs.51job.com/changzhou-jtq/94323766.html?s=01&t=0,3-4千/月,一号农场 诚聘 食品质检员（金坛薛埠）,常州,江苏一号农场科技股份有限公司,07-30
https://jobs.51job.com/zhengzhou-gxq/102381738.html?s=01&t=0,2-4千/月,食品检测文档编辑员,郑州,郑州榕盛信息技术有限公司,07-30
https://jobs.51job.com/shanghai-jdq/53983684.html?s=01&t=0,4-6千/月,检验员,上海,上海太太乐食品有限公司,07-30
https://jobs.51job.com/beijing-dxq/94574116.html?s=01&t=0,4.5-6千/月,（食品）检验员,北京,北京方生益达科技发展有限公司,07-30
https://jobs.51job.com/dongguan/101368323.html?s=01&t=0,4.5-6千/月,食品检测,东莞,东莞市检迅检测科技有限公司,07-30
https://jobs.51job.com/ningbo/81161123.html?s=01&t=0,2-3千/月,实习生（医药、生物工程、化验分析、食品检验等),宁波,宁波正力药品包装有限公司,07-30
https://jobs.51job.com/guangzhou/73638165.html?s=01&t=0,3-4.5千/月,食品检验,广州,广州奥桑味精食品有限公司,07-30
https://jobs.51job.com/heze/90462941.html?s=01&t=0,3-4.5千/月,微生物、食品检测,菏泽,山东赛托生物科技股份有限公司,07-30
https://jobs.51job.com/pingxiang/83748601.html?s=01&t=0,2.5-4.5千/月,品控员,萍乡,江西省百约食品有限责任公司,07-30
https://jobs.51job.com/yiwu/94378802.html?s=01&t=0,1.8-5千/月,食品检测，化验,异地,义乌勤煌商贸有限公司,07-30
https://jobs.51job.com/changsha-ylq/82645918.html?s=01&t=0,4.5-6千/月,食品检验人员,长沙,湖南华中宏泰检测评价有限公司,07-30
https://jobs.51job.com/deyang/104741196.html?s=01&t=0,2-3千/月,食品化验员,德阳,四川巴蜀印象食品有限公司,07-30
https://jobs.51job.com/nanjing/96597037.html?s=01&t=0,3-3.5千/月,食品化验员,南京,南京顶冠食品有限公司,07-29
https://jobs.51job.com/kunming/103284175.html?s=01&t=0,2.5-3.5千/月,化验员,昆明,嘉士伯（中国）啤酒工贸有限公司,07-29
https://jobs.51job.com/foshan/104917744.html?s=01&t=0,3-4.5千/月,食品化验员,佛山,佛山市啤尔卡斯食品有限公司,07-29
https://jobs.51job.com/shenzhen-lhxq/102851206.html?s=01&t=0,4.5-6千/月,食品化验员,深圳,深圳市鲜誉营养餐有限公司,07-29
https://jobs.51job.com/tianjin-jhq/103349779.html?s=01&t=0,3-4.5千/月,食品化验员,天津,天津市春合科技开发有限公司,07-29
https://jobs.51job.com/shanghai/100370671.html?s=01&t=0,5-8千/月,品控主管,上海,上海文辉食品工业有限公司,07-29
https://jobs.51job.com/beijing-hdq/102806774.html?s=01&t=0,1.5-2万/月,食品检测主管,北京,北京金丰餐饮有限公司,07-29
https://jobs.51job.com/chengdu-pdq/104115165.html?s=01&t=0,2-3千/月,现场品控员,成都,四川天润人力资源管理有限公司,07-29
https://jobs.51job.com/suzhou-gxq/88897628.html?s=01&t=0,3-4.5千/月,食品化验员,苏州,苏州市杜三珍餐饮管理有限公司,07-29
https://jobs.51job.com/tianjin-bcq/104731597.html?s=01&t=0,2-4千/月,食品检测员,天津,天津韩家墅海吉星农产品物流有限公司,07-29
https://jobs.51job.com/zhuhai/103941382.html?s=01&t=0,4.5-6千/月,食品化验员,珠海,珠海佳霖食品有限公司,07-29
https://jobs.51job.com/qingdao-hdq/96908432.html?s=01&t=0,3-5千/月,食品化验员,青岛,山东优品嘉杭贸易有限公司,07-29
https://jobs.51job.com/shanghai-qpq/91585447.html?s=01&t=0,4.5-6千/月,食品化验员,上海,上海天弩食品有限公司,07-29
https://jobs.51job.com/shanghai-pdxq/71285407.html?s=01&t=0,3-4.5千/月,食品检验,上海,上海持明国际贸易有限公司,07-28
https://jobs.51job.com/ningbo-jbq/96084174.html?s=01&t=0,3-4.5千/月,食品化验员,宁波,宁波市博创盛联实业有限公司,07-28
https://jobs.51job.com/chengdu-slq/90242609.html?s=01&t=0,4.5-6千/月,品控专员/食品检验（双流）,成都,上海高卓餐饮有限公司,07-30
https://jobs.51job.com/chengdu-slq/102989540.html?s=01&t=0,4-5千/月,质检主管,成都,四川环太生物科技有限责任公司,07-28
https://jobs.51job.com/weihai/100188941.html?s=01&t=0,3-6千/月,食品检测中心技术指导,威海,家家悦集团股份有限公司,07-28
https://jobs.51job.com/shanghai-mhq/99987234.html?s=01&t=0,6-8千/月,品控专员,上海,上海畅悦餐饮管理有限公司,07-28
https://jobs.51job.com/dongguan/68013243.html?s=01&t=0,4.5-6千/月,食品质检组长/品控组长,东莞,东莞市丰熙食品有限公司,07-28
https://jobs.51job.com/changshu/103767272.html?s=01&t=0,3-4.5千/月,急聘食品化验员,常熟,常熟市大虞食品有限公司,07-28
https://jobs.51job.com/shanghai-sjq/94748049.html?s=01&t=0,3.5-5千/月,现场品控员（蛋糕面包生产企业）,上海,上海禾季食品有限公司,07-27
https://jobs.51job.com/beijing-syq/78678204.html?s=01&t=0,3-4.5千/月,食品检验（顺义&14薪）,北京,北京京日东大食品有限公司,07-27
https://jobs.51job.com/shanghai-xhq/97553219.html?s=01&t=0,6-8千/月,品控/食品检验,上海,上海丽芙家居用品有限公司,07-27
https://jobs.51job.com/nanning/89569219.html?s=01&t=0,6-8千/月,食品检测技术支持经理,南宁,广电计量检测（南宁）有限公司,07-27
https://jobs.51job.com/baoding/97660997.html?s=01&t=0,4.5-6千/月,食品检测销售,异地,保定恒动企业管理咨询有限公司,07-27
https://jobs.51job.com/shenzhen/104346497.html?s=01&t=0,4.5-6千/月,品控员包吃住五险一金,深圳,深圳市时代乳业有限公司,07-27
https://jobs.51job.com/heyuan/90638902.html?s=01&t=0,6-8千/月,食品质检,异地,深圳市海川实业股份有限公司,07-27
https://jobs.51job.com/wuxi-wxxq/98544232.html?s=01&t=0,0.7-1万/月,食品检测项目主管,无锡,广州广电计量检测无锡有限公司,07-27
https://jobs.51job.com/guangzhou/99888171.html?s=01&t=0,3-4.5千/月,食品化验员,广州,广州市春渔坊食品有限公司,07-27
https://jobs.51job.com/guangzhou-hpq/104341550.html?s=01&t=0,3-4.5千/月,质检员（周末双休+五险一金）,广州,广州市纳趣尔食品有限责任公司,07-27
https://jobs.51job.com/nanjing/101766380.html?s=01&t=0,3-4.5千/月,食品检测/研发人员,南京,江苏三鸿食品有限公司,07-27
https://jobs.51job.com/shenyang-hnq/103345446.html?s=01&t=0,2-3千/月,品控质检化验员,沈阳,沈阳空港配餐有限公司,07-27
https://jobs.51job.com/beijing-pgq/103257356.html?s=01&t=0,4.5-6千/月,体系专员,北京,北京沛时之初饮品有限公司,07-27
https://jobs.51job.com/shanghai-mhq/83076345.html?s=01&t=0,3-4.5千/月,检验员化验员,上海,唐宫（中国）控股有限公司,07-27
https://jobs.51job.com/beijing-dxq/51669335.html?s=01&t=0,2.5-4千/月,食品检验,北京,北京蜜蜂堂生物医药股份有限公司,07-27
https://jobs.51job.com/shanghai-fxq/101371010.html?s=01&t=0,4.5-6千/月,实验室技术员,上海,上海佳农唯甜食品科技有限公司,07-27
https://jobs.51job.com/zhuhai/70567283.html?s=01&t=0,2-3千/月,检验实习生,珠海,珠海元朗食品有限公司,07-27
https://jobs.51job.com/guangzhou-ch/97978993.html?s=01&t=0,2-3千/月,质检实习生,广州,广州市宝生园股份有限公司,07-27
https://jobs.51job.com/wuhan-hsq/80175932.html?s=01&t=0,4.5-7千/月,食品检测组长,武汉,湖北琪谱检测技术有限公司,07-27
https://jobs.51job.com/beijing-tzq/95026897.html?s=01&t=0,3.5-4.5千/月,化验员,北京,北京苏稻食品工业有限公司,07-27
https://jobs.51job.com/nanjing/91417403.html?s=01&t=0,3-4.5千/月,食品检验,南京,南京浩氏香精香料制造有限公司,07-27
https://jobs.51job.com/ningbo-jbq/101318997.html?s=01&t=0,4.5-6千/月,食品检验,宁波,宁波市牛奶集团有限公司,07-27
https://jobs.51job.com/wuhan-jxq/104792309.html?s=01&t=0,6-8千/月,食品检测实验室副经理,武汉,武汉蜂之巢生物工程有限公司,07-27
https://jobs.51job.com/weihai/98041403.html?s=01&t=0,3-4.5千/月,化验员（威海乳山）,威海,中恒能(北京)生物能源技术有限公司,07-26
https://jobs.51job.com/dalian/98879100.html?s=01&t=0,3-4.5千/月,食品检验技术人员,大连,大连诚泽检测有限公司,07-26
https://jobs.51job.com/zhuhai-xzq/94994238.html?s=01&t=0,1.6-3.5千/月,现场QC,珠海,珠海市嘉信食品发展有限公司,07-26
https://jobs.51job.com/kunshan/88413112.html?s=01&t=0,4.5-6千/月,现场品控,异地,昆山彼拉美地农副产品有限公司,07-26
https://jobs.51job.com/foshan-nhq/101074653.html?s=01&t=0,3-4.5千/月,现场品控员,佛山,佛山顶川食品有限公司,07-26
https://jobs.51job.com/hangzhou-bjq/95777159.html?s=01&t=0,4-8千/月,食品检验,杭州,杭州上禾健康科技有限公司,07-26
https://jobs.51job.com/guangzhou-hpq/101496716.html?s=01&t=0,3.7-5千/月,化验员,广州,娇妍（广州）日用品有限公司,07-26
https://jobs.51job.com/guangzhou-lwq/90086632.html?s=01&t=0,3.3-4千/月,QC(食品),广州,大参林医药集团股份有限公司,07-26
https://jobs.51job.com/suqian/90413287.html?s=01&t=0,2.8-3.5千/月,食品检测员\食品品质控制\食品化学分析师,宿迁,徐州一统食品工业有限公司,07-26
https://jobs.51job.com/shanghai-jdq/103200545.html?s=01&t=0,4.5-6千/月,食品检验,上海,上海顶鸿食品有限公司,07-26
https://jobs.51job.com/hefei-jkq/97724192.html?s=01&t=0,3-4.5千/月,食品检验专业人才,合肥,合肥宇洋企业管理咨询有限公司,07-26
https://jobs.51job.com/beijing-dxq/84155821.html?s=01&t=0,3-4.5千/月,化验员,北京,北京天天通食品有限公司,07-26
https://jobs.51job.com/changsha-ylq/103264680.html?s=01&t=0,4.5-6千/月,品控主管,长沙,湖南有羊营养品有限公司,07-25
https://jobs.51job.com/shenzhen-gmxq/87542547.html?s=01&t=0,4.5-6千/月,食品化验员,深圳,深圳市伊泽实业有限公司康力食品厂,07-25
https://jobs.51job.com/zhenjiang/101248375.html?s=01&t=0,3-4千/月,食品化验员,镇江,南京南农食品有限公司,07-25
https://jobs.51job.com/weifang/104771427.html?s=01&t=0,6-8千/月,第三方食品检测实验室主管（总经理）,潍坊,山东省新世纪检测认证中心有限公司,07-25
https://jobs.51job.com/beijing-hdq/91034881.html?s=01&t=0,3-5千/月,蜂产品质检员,北京,北京蜂珍科技开发有限公司,07-25
https://jobs.51job.com/maoming/92874492.html?s=01&t=0,6-8千/月,食品检验检疫工程师/员,茂名,华茂达投资股份有限公司,07-24
https://jobs.51job.com/shanghai/79286998.html?s=01&t=0,0.7-1.2万/月,食品检测高级工程师,上海,上海标检产品检测有限公司,07-24
https://jobs.51job.com/beijing-cyq/103627846.html?s=01&t=0,3.5-4千/月,食品化验员,北京,鼎泰丰,07-24
https://jobs.51job.com/shanghai-jdq/104665979.html?s=01&t=0,4.5-6千/月,食品化验员,异地,上海新莺食品有限公司,07-24
https://jobs.51job.com/guangzhou-byq/80827891.html?s=01&t=0,3.5-3.5千/月,食品检验,广州,广州点心企业管理有限公司,07-24
https://jobs.51job.com/shanghai-jdq/75141363.html?s=01&t=0,4.5-6千/月,食品检验（QA /QC）,上海,上海顶甄食品有限公司,07-24
https://jobs.51job.com/tianjin-bhxq/96673089.html?s=01&t=0,3-4.5千/月,食品检测,天津,天津国纳产品检测技术服务有限公司,07-24
https://jobs.51job.com/shanghai-fxq/49283056.html?s=01&t=0,3.5-5千/月,食品检验,上海,后政品欣食品（上海）有限公司,07-24
https://jobs.51job.com/jiaxing/75510216.html?s=01&t=0,3-4.5千/月,微生物检验员,嘉兴,荷美尔（中国）,07-24
https://jobs.51job.com/wuhan/98194349.html?s=01&t=0,3-4.5千/月,生产QC,武汉,武汉龙族药号生物医药科技有限公司,07-24
https://jobs.51job.com/shanghai-sjq/103551468.html?s=01&t=0,4.5-6千/月,食品实验室化验员（品控）,上海,上海汇鸿泉食品有限公司,07-24
https://jobs.51job.com/fuyang/103777616.html?s=01&t=0,3-4.5千/月,食品化验员,阜阳,阜阳市麦吉食品有限公司,07-24
https://jobs.51job.com/shanghai-sjq/99297824.html?s=01&t=0,4-4.5千/月,研发助理,上海,上海葡萄王企业有限公司,07-24
https://jobs.51job.com/beijing-cpq/62726578.html?s=01&t=0,3-4.5千/月,质检员,北京,北京贝儿食品有限公司,07-23
https://jobs.51job.com/jinan/103945623.html?s=01&t=0,2.5-3.5千/月,食品化验员,济南,山东巧媳妇食品集团有限公司,07-23
https://jobs.51job.com/shanghai/98325166.html?s=01&t=0,1-1.5万/月,食品质检  QC经理（乔家栅）,上海,上海老城隍庙餐饮（集团）有限公司,07-23
https://jobs.51job.com/nanjing/100916891.html?s=01&t=0,3.6-4.5千/月,食品检测/化验,南京,江苏云厨一站新零售有限公司,07-23
https://jobs.51job.com/hefei/99589256.html?s=01&t=0,6-8千/月,食品检测项目主管,合肥,广州广电计量检测股份有限公司合肥...,07-23
https://jobs.51job.com/baoding/104692278.html?s=01&t=0,2-3千/月,稻香村食品化验员,保定,保定市稻香村食品工业有限公司,07-23
https://jobs.51job.com/shanghai/87322643.html?s=01&t=0,4.5-6千/月,食品检验管理员 Food Hygiene Inspector,上海,上海雅恒房地产开发有限公司雅居乐...,07-23
https://jobs.51job.com/beijing-cpq/104647873.html?s=01&t=0,4-6千/月,保健食品化验员,北京,北京中研万通科技有限责任公司,07-22
https://jobs.51job.com/chengdu-slq/59732942.html?s=01&t=0,3-4千/月,化验员,成都,成都老城南食品有限公司,07-22
https://jobs.51job.com/guangzhou-yxq/104194938.html?s=01&t=0,3.5-4.5千/月,巡厂QC,广州,广州市天兴隆商贸有限公司,07-21
https://jobs.51job.com/chengdu-pzs/103201054.html?s=01&t=0,4.5-6千/月,化验员,成都,四川省唐玖珑食品有限责任公司,07-21
https://jobs.51job.com/kunming-fmx/103601371.html?s=01&t=0,3-6千/月,食品检验化验员,昆明,昆明饮食服务有限公司,07-20
https://jobs.51job.com/nanchang/97932953.html?s=01&t=0,2-4千/月,现场品控员,南昌,江西煌上煌集团食品股份有限公司,07-20
https://jobs.51job.com/beijing-tzq/48874617.html?s=01&t=0,2-3千/月,食品检验,北京,北京宝得瑞健康产业有限公司,07-20
https://jobs.51job.com/chengdu-pdq/97426821.html?s=01&t=0,4.5-6千/月,食品品控员/食品现场品控,成都,四川省成都红灯笼食品有限公司,07-20
https://jobs.51job.com/qingdao-lcq/99777807.html?s=01&t=0,1-1.5万/月,食品检测实验室高工（返聘退休人员）,青岛,英格尔检测技术服务（青岛）有限公司,07-19
https://jobs.51job.com/wuhan-xzq/97720416.html?s=01&t=0,3-4.5千/月,食品化验员,武汉,生升美高科技（武汉）有限责任公司,07-19
https://jobs.51job.com/ningbo/99878482.html?s=01&t=0,4.5-6千/月,食品检测专员,宁波,宁波明州一三七一城隍商业经营管理...,07-19
https://jobs.51job.com/chengdu/90979066.html?s=01&t=0,3-4.5千/月,采样员（食品检测）,成都,广电计量检测（成都）有限公司,07-18
https://jobs.51job.com/nanjing/97931005.html?s=01&t=0,3.8-4千/月,现场品控员,南京,苏州楼兰餐饮管理有限公司,07-18
https://jobs.51job.com/beijing-cpq/98860251.html?s=01&t=0,3-3.5千/月,品控员,北京,新疆大漠丝路红林果业有限公司北京...,07-18
https://jobs.51job.com/yiyang/98456542.html?s=01&t=0,3-4.5千/月,质检员,益阳,湖南省云上茶业有限公司,07-18
https://jobs.51job.com/foshan-ccq/102420986.html?s=01&t=0,4.5-6千/月,品控员,异地,深圳必维康食品有限公司,07-18
https://jobs.51job.com/zhuzhou/101232495.html?s=01&t=0,15-20万/年,食品检测市场项目经理,异地,株洲赛宝计量检测服务有限公司,07-18
https://jobs.51job.com/qiqihaer/103663700.html?s=01&t=0,2.5-3.5千/月,化验员（五险一金/双休）,异地,黑龙江六水香生态农业有限公司,07-18
https://jobs.51job.com/huaian/95480238.html?s=01&t=0,2.5-4千/月,QC化验室助理,淮安,锦乔生物科技有限公司,07-17
https://jobs.51job.com/tianjin-wqq/100196599.html?s=01&t=0,4.5-6千/月,酸奶奶酪业务发展部检验员,天津,内蒙古伊利实业集团股份有限公司,07-17
https://jobs.51job.com/chengdu-xdq/91677571.html?s=01&t=0,3.3-4千/月,现场品控-接受应届生,成都,四川中豪油脂有限公司,07-17
https://jobs.51job.com/chengdu-pdq/96881100.html?s=01&t=0,3-4.5千/月,现场品控员,成都,成都川红锦食品有限公司,07-16
https://jobs.51job.com/nanjing/54449983.html?s=01&t=0,2-3千/月,品控专员,南京,南京好吉餐饮管理有限公司,07-16
https://jobs.51job.com/wuhan-dxhq/75834379.html?s=01&t=0,2-3千/月,化验员,武汉,武汉枣王街商贸有限公司,07-16
https://jobs.51job.com/chongqing-qjqe/100406184.html?s=01&t=0,3-4.5千/月,现场质检员（饭遭殃）,重庆,重庆德宜信食品有限公司,07-14
https://jobs.51job.com/suzhou-xcq/98256827.html?s=01&t=0,3-4.5千/月,现场品控员,苏州,苏州津津长发食品有限公司,07-13
https://jobs.51job.com/quanzhou/95007812.html?s=01&t=0,3-4.5千/月,现场品控员,泉州,晋江力绿食品有限公司,07-13
https://jobs.51job.com/shanghai-bsq/66551458.html?s=01&t=0,3.5-5千/月,化验员,上海,上海汉康豆类食品有限公司,07-13
https://jobs.51job.com/jinan-lcq/72613308.html?s=01&t=0,3.5-5千/月,食品检验,济南,济南趵突泉酿酒有限责任公司,07-13
https://jobs.51job.com/zhaoqing/101923424.html?s=01&t=0,3-5千/月,化验室主管,异地,肇庆仁修堂医药有限公司,07-12
https://jobs.51job.com/dongguan-lbz/67223477.html?s=01&t=0,4-5.5千/月,检验员,异地,东莞市佳利食品有限公司,07-11
https://jobs.51job.com/zhuhai/75437806.html?s=01&t=0,3-4.5千/月,食品检验,珠海,广东超霸世家食品有限公司,07-10
https://jobs.51job.com/jiangsusheng/78308790.html?s=01&t=0,3-4.5千/月,质检员,异地,江苏百斯特投资集团有限公司,07-10
https://jobs.51job.com/suzhou/102649986.html?s=01&t=0,3.5-4千/月,现场品控员,苏州,苏州阳山天然矿泉水有限公司,07-09
https://jobs.51job.com/suzhou-wzq/95471255.html?s=01&t=0,3-4.5千/月,食品化验员,异地,苏州市夏星食品有限公司,07-09
https://jobs.51job.com/changzhou-wjq/95405645.html?s=01&t=0,3.5-4.5千/月,食品质量检验员  QC主管 品控专员,常州,海滋立德（常州）食品有限公司,07-09
https://jobs.51job.com/guangzhou-byq/92228193.html?s=01&t=0,2.8-3.5千/月,现场品控员,广州,广州市紫八方生物科技有限公司,07-09
https://jobs.51job.com/beijing-xcq/102758488.html?s=01&t=0,4-7千/月,食品质检岗,北京,国电置业有限公司,07-09
https://jobs.51job.com/zhengzhou/92727460.html?s=01&t=0,1.5-2千/月,食品检测-实验室实习生,郑州,河南恒晟检测技术有限公司,07-08
https://jobs.51job.com/dongguan-ncq/87975541.html?s=01&t=0,1-1.5万/月,环境食品检测实验室负责人,东莞,广东煜祺检测股份有限公司,07-08
https://jobs.51job.com/qingdao/92192751.html?s=01&t=0,5-8千/月,食品检测主管,青岛,BJT京诚检测有限公司,07-08
https://jobs.51job.com/shanghai-mhq/51304959.html?s=01&t=0,3-4.5千/月,实验室检验员,上海,上海意华食品有限公司,07-06
https://jobs.51job.com/shanghai-fxq/103716307.html?s=01&t=0,4.5-6千/月,化验员,上海,全食祥兴记（上海）投资管理有限公司,07-06
https://jobs.51job.com/shanghai-sjq/103292839.html?s=01&t=0,4.5-6千/月,食品工厂品控员,上海,上海镖师食品有限公司,07-06
https://jobs.51job.com/wuhan/97576256.html?s=01&t=0,6-8千/月,实验室品控（武汉）,武汉,北京每日优鲜电子商务有限公司,07-05
https://jobs.51job.com/shanghai-fxq/101070853.html?s=01&t=0,4.5-6千/月,食品化验员,上海,上海适达餐饮管理有限公司,07-05
https://jobs.51job.com/tianjin-bhxq/100892169.html?s=01&t=0,3-4千/月,化验员,天津,天津思远国际贸易有限公司,07-05
https://jobs.51job.com/huizhou/103917468.html?s=01&t=0,3.5-6.5千/月,食品安全专员,惠州,深圳市金诺华餐饮管理有限公司,07-05
https://jobs.51job.com/tianjin-jhq/103733740.html?s=01&t=0,3-4.5千/月,食品化验员,天津,北京恒泰丰餐饮有限公司,07-04
https://jobs.51job.com/qingdao-cyq/104004775.html?s=01&t=0,3-5千/月,食品化验员,青岛,青岛棘海生物科技有限公司,07-02
https://jobs.51job.com/kunming-cgq/90136424.html?s=01&t=0,3-4.5千/月,食品化验员,昆明,云南信威食品有限公司,06-30
https://jobs.51job.com/huludao/102411989.html?s=01&t=0,3-4.5千/月,食品检验主任,葫芦,辽宁海思科制药有限公司,06-29
https://jobs.51job.com/qiandongnan/100641615.html?s=01&t=0,4.5-6千/月,食品检测员,黔东,凯里乾兴生态农林开发有限公司,06-29
https://jobs.51job.com/hangzhou-xsq/64440404.html?s=01&t=0,3-6千/月,质检员,杭州,浙江安赛生物科技股份有限公司,06-29
https://jobs.51job.com/kunshan/97569806.html?s=01&t=0,3-4.5千/月,食品化验员,昆山,香山林食品（江苏）有限公司,06-28
https://jobs.51job.com/foshan-nhq/78818171.html?s=01&t=0,4.5-6千/月,食品检测销售高级工程师,佛山,广东东方纵横检测有限公司,06-27
https://jobs.51job.com/dongguan-fgz/99883879.html?s=01&t=0,3-5千/月,食品化验员,异地,佛山祥裕隆贸易有限公司,06-26
https://jobs.51job.com/shanghai-pdxq/51929015.html?s=01&t=0,4.9-5千/月,食品卫生管理员,上海,上海荷特宝配餐服务有限公司,06-25
https://jobs.51job.com/shanghai-ptq/94008624.html?s=01&t=0,4.5-6千/月,食品化验员/QA/QC,上海,上海杰佳食品生产有限公司,06-25
https://jobs.51job.com/xichang/102135401.html?s=01&t=0,2-3千/月,化验员,异地,重庆啤酒股份有限公司,06-25
https://jobs.51job.com/chengdu-wjq/100034364.html?s=01&t=0,2.5-3.5千/月,化验员/QA,成都,成都顶鲜农产品种植有限公司,06-23
https://jobs.51job.com/shandongsheng/103559684.html?s=01&t=0,3-4.5千/月,食品化验员,异地,山东十笏园食品有限公司,06-23
https://jobs.51job.com/deyang/98564366.html?s=01&t=0,2.5-6千/月,储备干部,德阳,广汉市航佳食品有限公司,06-22
https://jobs.51job.com/shanghai-jsq/102631352.html?s=01&t=0,4.5-6千/月,食品检验,上海,上海罗根食品有限公司,06-22
https://jobs.51job.com/shanghai-qpq/92966482.html?s=01&t=0,4.5-6千/月,品控专员（食品）,上海,环娱电子商务（上海）有限公司,06-22
https://jobs.51job.com/kunshan/100561256.html?s=01&t=0,0.8-1万/月,食品检测,异地,永辉超市股份有限公司,06-21
https://jobs.51job.com/nanchong/103275891.html?s=01&t=0,2-2.5千/月,白酒化验员,南充,四川古阆中酒业有限公司,06-19
https://jobs.51job.com/xian-glq/100167771.html?s=01&t=0,3-4.5千/月,食品化验员,西安,西安市�哄鄙�态区盛德八里食品厂,06-19
https://jobs.51job.com/wuxi/99697997.html?s=01&t=0,4.5-8千/月,现场品控员,无锡,无锡市麦豆郎食品有限公司,06-19
https://jobs.51job.com/shanghai-sjq/103451576.html?s=01&t=0,6-8千/月,质检主管,上海,上海杏花村食品厂有限公司,06-18
https://jobs.51job.com/suzhou/95408817.html?s=01&t=0,3-8千/月,人事专员,苏州,苏州东吴餐饮管理有限公司,06-17
https://jobs.51job.com/chongqing-jlpq/98654942.html?s=01&t=0,3-4千/月,油脂食品化验员,重庆,重庆恒知轩油脂有限公司,06-17
https://jobs.51job.com/beijing-cpq/91865129.html?s=01&t=0,4.5-6千/月,现场品控员,北京,北京市金盛福食品有限公司,06-16
https://jobs.51job.com/tianjin-xqq/91324399.html?s=01&t=0,3-4.5千/月,食品调味品化验员（西青杨柳青）,天津,天津亚美亚品源食品有限公司,06-16
https://jobs.51job.com/shanghai-sjq/103229629.html?s=01&t=0,4.5-6千/月,文员 （食品专业毕业）,上海,上海赞皇食品有限公司,06-15
https://jobs.51job.com/changchun-kcq/80459011.html?s=01&t=0,2-3千/月,检验员及内审主管,长春,吉林省春润生物科技有限公司,06-12
https://jobs.51job.com/wuxi/96562878.html?s=01&t=0,3.5-8千/月,食品检验师,无锡,无锡市利贝乐贸易有限公司,06-11
https://jobs.51job.com/nanjing-jnq/70865264.html?s=01&t=0,2-3千/月,食品检验,南京,南京莱克琳食品有限公司,06-11
https://jobs.51job.com/zhaoqing/98605129.html?s=01&t=0,3.5-4千/月,品管,肇庆,广东聿津食品有限公司,06-11
https://jobs.51job.com/tianjin-xqq/100536545.html?s=01&t=0,4.5-4.5千/月,检验专员（过程）,天津,天津尚赫保健用品有限公司,06-08
https://jobs.51job.com/beijing-ftq/102971155.html?s=01&t=0,4.5-6千/月,食品检验教师,北京,北京市工贸技师学院（北京市工贸高...,06-06
https://jobs.51job.com/shanghai-bsq/99563494.html?s=01&t=0,3-4.5千/月,食品化验员,上海,上海恩一食品有限公司,06-05
https://jobs.51job.com/zhanjiang/93911009.html?s=01&t=0,2.5-3千/月,化验员,湛江,海口绝味食品营销有限公司,06-05
https://jobs.51job.com/dongguan/90359321.html?s=01&t=0,3-4.5千/月,食品化验员,东莞,东莞市明华食品厂有限公司,06-05
https://jobs.51job.com/guangzhou-hzq/57740944.html?s=01&t=0,4-4.5千/月,食品质检/QC,广州,广州双桥股份有限公司,06-04
https://jobs.51job.com/fuzhou-mhx/102891121.html?s=01&t=0,3-4.5千/月,质检员,福州,福州尚余食品有限公司,06-03
https://jobs.51job.com/shanghai-qpq/102097159.html?s=01&t=0,4.5-6千/月,现场品控员,上海,上海华宝食品厂有限公司,06-03
https://jobs.51job.com/huijiqu/101988630.html?s=01&t=0,2-4千/月,食品检测,郑州,河南省诚建检验检测技术股份有限公司,06-01
https://jobs.51job.com/shanghai-mhq/58086007.html?s=01&t=0,4.5-6千/月,品保员/质检,上海,上海美吉食品有限公司,05-31
https://jobs.51job.com/shanghai-jdq/92437278.html?s=01&t=0,4-5.5千/月,食品化验员,上海,上海可颂食品有限公司,05-31
https://jobs.51job.com/qingdao-hdq/93930926.html?s=01&t=0,2-4千/月,理化检验员,青岛,青岛东海药业有限公司,05-30
https://jobs.51job.com/quanzhou/94099186.html?s=01&t=0,3.7-4.5千/月,人资专员,泉州,福建省好邻居食品工业有限公司,05-30
https://jobs.51job.com/shanghai-jsq/52562601.html?s=01&t=0,4.5-6千/月,食品检验员,上海,上海禾煜贸易有限公司,07-30
https://jobs.51job.com/binzhou/103574586.html?s=01&t=0,2-3千/月,食品检验员,异地,上海爱普食品工业有限公司,07-30
https://jobs.51job.com/guangzhou-byq/99618519.html?s=01&t=0,4-6千/月,食品检验员,广州,广州金宝宝婴幼日用品有限公司,07-30
https://jobs.51job.com/guangzhou-byq/95370954.html?s=01&t=0,4-6千/月,食品检验员,广州,广州金宝宝婴幼日用品有限公司,07-30
https://jobs.51job.com/guangzhou-byq/103617500.html?s=01&t=0,4.5-6千/月,食品检验员/QC,广州,广州迪斯尼营养品有限公司,07-30
https://jobs.51job.com/guangzhou-hdq/90243052.html?s=01&t=0,4.5-7千/月,食品检验员,异地,广州柏赛罗药业有限公司,07-30
https://jobs.51job.com/shanghai-hkq/104812652.html?s=01&t=0,4.5-6千/月,食品检验员,上海,俐诚餐饮管理（上海）有限公司,07-30
https://jobs.51job.com/shanghai-fxq/101688075.html?s=01&t=0,4-6千/月,食品检验员,上海,普维食品发展（上海）有限公司,07-30
https://jobs.51job.com/wuhan/95554419.html?s=01&t=0,4-6千/月,食品检验员,武汉,85度c,07-30
https://jobs.51job.com/xiamen/102542559.html?s=01&t=0,4-6千/月,食品检验员,厦门,85度c,07-30
https://jobs.51job.com/chengdu/97623917.html?s=01&t=0,4-6千/月,食品检验员,成都,85度c,07-30
https://jobs.51job.com/hangzhou/102542213.html?s=01&t=0,4-6千/月,食品检验员,杭州,85度c,07-30
https://jobs.51job.com/kunshan/102112241.html?s=01&t=0,4-7千/月,食品检验员,昆山,85度c,07-30
https://jobs.51job.com/zhengzhou/52744265.html?s=01&t=0,3-4.5千/月,食品检验员,郑州,河南省天冰冷饮有限公司,07-30
https://jobs.51job.com/hefei/99516433.html?s=01&t=0,4-5千/月,食品检验员,合肥,肥叔锅贴,07-30
https://jobs.51job.com/zhanjiang/104554194.html?s=01&t=0,4-4.4千/月,食品检验员,湛江,广东国美水产食品有限公司,07-30
https://jobs.51job.com/shanghai-mhq/93163834.html?s=01&t=0,6-8千/月,F 食品检验员,上海,上海千彩食品有限公司,07-30
https://jobs.51job.com/ezhou/89993027.html?s=01&t=0,2.5-3.5千/月,食品检验员,异地,湖北福贞金属包装有限公司,07-30
https://jobs.51job.com/shenzhen-lgq/79450042.html?s=01&t=0,4-6千/月,食品检验员,深圳,深圳市地藏心文化传播有限公司,07-30
https://jobs.51job.com/shenzhen-lgq/102320060.html?s=01&t=0,4-6千/月,食品检验员,深圳,深圳市龙岗区中南社工服务社,07-30
https://jobs.51job.com/shenzhen-lgq/102226587.html?s=01&t=0,4.5-6千/月,食品检验员,深圳,中南国际人力资源（深圳）有限公司,07-30
https://jobs.51job.com/shenzhen-lgq/100395433.html?s=01&t=0,4.5-6千/月,食品检验员,深圳,中南国际人力资源（深圳）有限公司,07-30
https://jobs.51job.com/xuzhou/104877479.html?s=01&t=0,2.5-3千/月,邳州食品检验员,徐州,徐州汉中福禧后勤服务有限公司,07-30
https://jobs.51job.com/xuzhou/104924235.html?s=01&t=0,3-3.5千/月,睢宁食品检验员,徐州,徐州汉中福禧后勤服务有限公司,07-30
https://jobs.51job.com/yangjiang/78002676.html?s=01&t=0,3-4.5千/月,食品检验员,异地,广东旺通食品有限公司,07-30
https://jobs.51job.com/yangjiang/78002675.html?s=01&t=0,3-4.5千/月,食品检验员,阳江,广东旺通食品有限公司,07-30
https://jobs.51job.com/xiaogan/64046595.html?s=01&t=0,2.5-3.5千/月,食品检验员,孝感,孝感一品食品有限责任公司,07-30
https://jobs.51job.com/beijing-cyq/104055074.html?s=01&t=0,5-8千/月,保健食品检验员（研发方向）,北京,北京倍菲格琳科技有限公司,07-29
https://jobs.51job.com/nanjing/44881174.html?s=01&t=0,3-4.5千/月,食品检验员 （理化）,南京,南京金阳光乳品有限公司,07-29
https://jobs.51job.com/nanjing-jnq/99835170.html?s=01&t=0,3-4.5千/月,食品检验员,南京,南京泓惠贸易有限公司,07-28
https://jobs.51job.com/huaian/104171448.html?s=01&t=0,3-4.5千/月,食品检验员,异地,淮安旺旺食品有限公司,07-27
https://jobs.51job.com/shaanxisheng/96469408.html?s=01&t=0,2.8-4千/月,食品检验员,异地,陕西海升果业发展股份有限公司渭南...,07-27
https://jobs.51job.com/suzhou/93814988.html?s=01&t=0,4-5万/年,品管/食品检验员,异地,苏州美格尔网络股份有限公司,07-26
https://jobs.51job.com/suzhou/93814987.html?s=01&t=0,4-5万/年,品管/食品检验员,异地,苏州美格尔网络股份有限公司,07-26
https://jobs.51job.com/suzhou/93814145.html?s=01&t=0,3.5-8万/年,品管/食品检验员,苏州,苏州美格尔网络股份有限公司,07-26
https://jobs.51job.com/shenzhen-lgq/39187629.html?s=01&t=0,4-6千/月,食品检验员,深圳,深圳市深晖企业有限公司,07-26
https://jobs.51job.com/shenzhen-baq/103600967.html?s=01&t=0,4.5-6千/月,食品检验员,深圳,深圳市顺香食品有限公司,07-25
https://jobs.51job.com/chuzhou/104758755.html?s=01&t=0,4-6千/月,食品检验员,异地,安徽恋尚你食品有限公司,07-24
https://jobs.51job.com/chuzhou/104758753.html?s=01&t=0,4-6千/月,食品检验员,异地,安徽恋尚你食品有限公司,07-24
https://jobs.51job.com/fuzhou/100718201.html?s=01&t=0,3-4.5千/月,食品检验员,福州,福州统一企业有限公司,07-24
https://jobs.51job.com/huaian/103991418.html?s=01&t=0,3-4.5千/月,食品检验员,淮安,江苏喜利达食品有限公司,07-24
https://jobs.51job.com/guangzhou-zc/89495276.html?s=01&t=0,3-4.5千/月,食品检验员（微生物）,广州,高培（广州）乳业有限公司,07-16
https://jobs.51job.com/guangzhou-zc/89454560.html?s=01&t=0,3-5千/月,食品检验员（气相/液相）,广州,高培（广州）乳业有限公司,07-16
https://jobs.51job.com/xian-bqq/101588348.html?s=01&t=0,3-4.5千/月,港务区食品检验员,西安,西安广裕宝企业管理有限责任公司,07-16
https://jobs.51job.com/xian-blq/101638912.html?s=01&t=0,3-4.5千/月,港务区食品检验员,西安,西安广裕宝企业管理有限责任公司,07-16
https://jobs.51job.com/shanghai-xhq/104148928.html?s=01&t=0,4.5-6千/月,食品检验员,上海,上海冠生园食品有限公司,07-16
https://jobs.51job.com/kunshan/104201080.html?s=01&t=0,3.5-4.5千/月,食品检验员,昆山,宏芳生物科技（昆山）有限公司,07-14
https://jobs.51job.com/shenzhen-lhq/89105736.html?s=01&t=0,3-4.5千/月,欢乐蜂蛋糕剧场(总店红桂一店) 食品检验员,深圳,前程无忧代招聘,07-14
https://jobs.51job.com/chizhou/96712726.html?s=01&t=0,4.5-5.5千/月,食品检验员,异地,安徽世界村功能饮品有限公司,07-09
https://jobs.51job.com/chizhou/96712725.html?s=01&t=0,4.5-5.5千/月,食品检验员,异地,安徽世界村功能饮品有限公司,07-09
https://jobs.51job.com/chizhou/96712724.html?s=01&t=0,4.5-5.5千/月,食品检验员,异地,安徽世界村功能饮品有限公司,07-09
https://jobs.51job.com/dongguan-spz/100290682.html?s=01&t=0,3-4.5千/月,食品检验员,异地,广州市凯信香精香料有限公司,07-06
https://jobs.51job.com/guangzhou-pyq/88835393.html?s=01&t=0,4.5-6千/月,食品检验员,广州,广州澳港源食品有限公司,06-28
https://jobs.51job.com/quzhou/75686832.html?s=01&t=0,3-4.5千/月,食品检验员,异地,浙江天子股份有限公司,06-27
https://jobs.51job.com/hengyang/103251556.html?s=01&t=0,2-3千/月,食品检验员,异地,湖南味了谁食品有限责任公司,06-22
https://jobs.51job.com/hengyang/103251544.html?s=01&t=0,2-3千/月,食品检验员,异地,湖南味了谁食品有限责任公司,06-22
https://jobs.51job.com/zhanjiang/91777819.html?s=01&t=0,3-4.5千/月,食品检验员,异地,广东国美水产食品有限公司,06-19
https://jobs.51job.com/zhanjiang/91694200.html?s=01&t=0,3-4.5千/月,食品检验员,湛江,广东国美水产食品有限公司,06-19
https://jobs.51job.com/shenzhen-baq/97652125.html?s=01&t=0,1-3千/月,食品检验员,异地,华测检测认证集团食品药品农产品及...,06-19
https://jobs.51job.com/shenzhen-baq/97652124.html?s=01&t=0,1-3千/月,食品检验员,深圳,华测检测认证集团食品药品农产品及...,06-19
https://jobs.51job.com/shenzhen-baq/97652116.html?s=01&t=0,1-3千/月,食品检验员,异地,华测检测认证集团食品药品农产品及...,06-19
https://jobs.51job.com/guangzhou-zc/89498625.html?s=01&t=0,3-6千/月,食品检验员（原子吸收）,广州,高培（广州）乳业有限公司,06-19
https://jobs.51job.com/guangzhou-hpq/93613317.html?s=01&t=0,6-8千/月,食品检验员,广州,精益和泰质量检测股份有限公司,06-12
https://jobs.51job.com/suzhou/95936804.html?s=01&t=0,3-4.5千/月,食品检验员,苏州,苏州兴成食品开发有限公司,06-07
https://jobs.51job.com/shanghai/104858857.html?s=01&t=0,4-6千/月,化验员/质检员,上海,上海爱普食品工业有限公司,07-30
https://jobs.51job.com/dezhou/93506797.html?s=01&t=0,4.5-6千/月,品管员,异地,天津市天丰裕食品科技有限公司,07-30
https://jobs.51job.com/heyuan/100328482.html?s=01&t=0,4.5-6千/月,食品检测员,河源,广东聪明人集团有限公司,07-30
https://jobs.51job.com/shanghai-pdxq/79866915.html?s=01&t=0,4.5-6千/月,品控员,上海,上海士甜食品贸易有限公司,07-30
https://jobs.51job.com/shanghai/75730507.html?s=01&t=0,3-4.5千/月,品控员,上海,上海士甜食品贸易有限公司,07-30
https://jobs.51job.com/shanghai-mhq/104457003.html?s=01&t=0,3-4.5千/月,食品化验员,上海,上海鑫沣餐饮管理有限公司,07-30
https://jobs.51job.com/guangzhou-hzq/84684085.html?s=01&t=0,3-4.5千/月,食品检测抽样员（双休、五险一金）,广州,广州建方人力资源服务有限公司,07-30
https://jobs.51job.com/guangzhou-hzq/81083761.html?s=01&t=0,3-4.5千/月,食品检测助理（五险一金）,广州,广州建方人力资源服务有限公司,07-30
https://jobs.51job.com/shanghai-jdq/97547057.html?s=01&t=0,6-8千/月,食品检验组长,上海,上海顶盛食品工业有限公司,07-30
https://jobs.51job.com/huangshan/89520066.html?s=01&t=0,3-4.5千/月,食品化验员,异地,黄山天丰食品股份有限公司,07-30
https://jobs.51job.com/huangshan/89520065.html?s=01&t=0,2-3千/月,食品化验员,异地,黄山天丰食品股份有限公司,07-30
https://jobs.51job.com/huangshan/89520064.html?s=01&t=0,2-3千/月,食品化验员,异地,黄山天丰食品股份有限公司,07-30
https://jobs.51job.com/huangshan/89520063.html?s=01&t=0,2-3千/月,食品化验员,异地,黄山天丰食品股份有限公司,07-30
https://jobs.51job.com/suining/100410335.html?s=01&t=0,2-4千/月,现场品控（绝味鸭脖）,异地,四川阿宁食品有限公司,07-30
https://jobs.51job.com/shenzhen-lhxq/103359537.html?s=01&t=0,4.5-6千/月,生产计划员,深圳,盈卓投资（深圳）有限公司,07-30
https://jobs.51job.com/shenzhen-lhxq/104189939.html?s=01&t=0,3.5-5千/月,QC品管员,深圳,盈卓投资（深圳）有限公司,07-30
https://jobs.51job.com/guangzhou-nsq/70696630.html?s=01&t=0,3-3.7千/月,检验员,广州,广州市粮食集团有限责任公司,07-30
https://jobs.51job.com/guangzhou-byq/95304334.html?s=01&t=0,4.5-6千/月,食品质检员,广州,广州金宝宝婴幼日用品有限公司,07-30
https://jobs.51job.com/tianjin-jhq/102026515.html?s=01&t=0,3-4.5千/月,质检员-天津配送中心(1715),天津,呷哺呷哺餐饮管理有限公司总部,07-30
https://jobs.51job.com/suzhou-wjq/104952446.html?s=01&t=0,3-4.5千/月,现场品控员,苏州,苏州饶太公食品有限公司,07-30
https://jobs.51job.com/shanghai-sjq/66552022.html?s=01&t=0,0.8-1.2万/月,高级仪器分析员,上海,上海纽贝滋营养乳品有限公司,07-30
https://jobs.51job.com/shanghai-ptq/98035629.html?s=01&t=0,1-1.5万/月,食品检测主管,上海,上海中信信息发展股份有限公司-食...,07-30
https://jobs.51job.com/shanghai-qpq/103855222.html?s=01&t=0,0.8-1万/月,质量主管（食品）,上海,上海世好餐饮管理有限公司,07-30
https://jobs.51job.com/guangzhou-hpq/77011920.html?s=01&t=0,3-4.5千/月,食品检验,广州,广州喜乐食品企业有限公司,07-30
https://jobs.51job.com/yiyang/102165580.html?s=01&t=0,3-5千/月,质检员,益阳,湖南厨嫂当家餐饮服务管理有限责任...,07-30
https://jobs.51job.com/shanghai-ypq/101553136.html?s=01&t=0,2-2.5万/月,食品检测事业部负责人,上海,上海微谱化工技术服务有限公司,07-30
https://jobs.51job.com/shenyang-shq/101139261.html?s=01&t=0,2-3千/月,诚聘质检文员+五险一金,沈阳,辽宁蒲缇食品有限公司,07-30
https://jobs.51job.com/wuhan/81355127.html?s=01&t=0,3-4.5千/月,化验员,武汉,武汉市劲宝食品有限公司,07-30
https://jobs.51job.com/guangzhou-byq/95929613.html?s=01&t=0,6-8千/月,现场品管,广州,西乐健康科技股份有限公司,07-30
https://jobs.51job.com/qingdao/97623520.html?s=01&t=0,4-6千/月,食品检验组长,青岛,85度c,07-30
https://jobs.51job.com/chengdu/97623227.html?s=01&t=0,4-6千/月,食品检验组长,成都,85度c,07-30
https://jobs.51job.com/beijing-dxq/97707768.html?s=01&t=0,4-6千/月,食品检验助理,北京,85度c,07-30
https://jobs.51job.com/tianjin-xqq/85715757.html?s=01&t=0,3-5千/月,检测中心检测人员,天津,天津市康婷生物工程有限公司,07-30
https://jobs.51job.com/changsha/97498426.html?s=01&t=0,3-4.5千/月,质检员,长沙,湖南省辣之源食品有限公司,07-30
https://jobs.51job.com/dongguan/90934812.html?s=01&t=0,3-5千/月,食品检测报告审核工程师,东莞,东莞市中鼎检测技术有限公司,07-30
https://jobs.51job.com/wuhan-dxhq/57959597.html?s=01&t=0,3.8-4.5千/月,微生物化验员,武汉,武汉麦朗医疗科技有限公司,07-30
https://jobs.51job.com/shenzhen/95237074.html?s=01&t=0,6-8千/月,实验室技术主管（第三方食品检测）,深圳,北京智云达科技股份有限公司,07-30
https://jobs.51job.com/huizhou/102817246.html?s=01&t=0,4-7千/月,食品检测主管,惠州,惠州方舟检测技术有限公司,07-30
https://jobs.51job.com/huizhou/102817245.html?s=01&t=0,4-7千/月,食品检测主管,异地,惠州方舟检测技术有限公司,07-30
https://jobs.51job.com/huizhou/102817244.html?s=01&t=0,4-7千/月,食品检测主管,异地,惠州方舟检测技术有限公司,07-30
https://jobs.51job.com/shanghai-fxq/72704956.html?s=01&t=0,4.5-5.5千/月,化验员,上海,上海北连生物科技有限公司,07-30
https://jobs.51job.com/shanghai-fxq/60653680.html?s=01&t=0,4.5-6千/月,现场QC,上海,上海北连生物科技有限公司,07-30
https://jobs.51job.com/qingdao/101764969.html?s=01&t=0,3.5-7千/月,食品检测/食品安全,青岛,青岛迈科思软件有限责任公司,07-30
https://jobs.51job.com/foshan/89979109.html?s=01&t=0,3-4.5千/月,检验员,佛山,广东橙天绿宝生物医药开发有限公司,07-30
https://jobs.51job.com/foshan/86777942.html?s=01&t=0,4.5-6千/月,品管,佛山,广东橙天绿宝生物医药开发有限公司,07-30
https://jobs.51job.com/shenzhen-lgq/102963171.html?s=01&t=0,4.5-6千/月,食品检验技术员,深圳,中南国际人力资源（深圳）有限公司,07-30
https://jobs.51job.com/shanghai-jsq/79730019.html?s=01&t=0,4.5-6千/月,QC工程师,上海,南侨,07-30
https://jobs.51job.com/shanghai-sjq/76131468.html?s=01&t=0,5-7千/月,食品检验（组长）,上海,上海顶发食品有限公司,07-30
https://jobs.51job.com/nanjing-qhq/95580746.html?s=01&t=0,7-8.5千/月,食品检测部负责人,南京,江苏衡谱分析检测技术有限公司,07-30
https://jobs.51job.com/yiwu/94378800.html?s=01&t=0,1.8-5千/月,食品检测，化验,异地,义乌勤煌商贸有限公司,07-30
https://jobs.51job.com/nanjing/94299097.html?s=01&t=0,3-4.5千/月,化验员,南京,南京顶冠食品有限公司,07-29
https://jobs.51job.com/guangzhou-byq/99180346.html?s=01&t=0,3.5-5.5千/月,QC/品控,广州,中慈保健品科技开发有限公司,07-29
https://jobs.51job.com/guangzhou-byq/98965613.html?s=01&t=0,3-5.5千/月,普工（QC/品控）,广州,中慈保健品科技开发有限公司,07-29
https://jobs.51job.com/shenyang/102362955.html?s=01&t=0,3-4.5千/月,旺旺招聘,沈阳,沈阳市万众和劳务派遣有限公司,07-29
https://jobs.51job.com/hefei/94569063.html?s=01&t=0,3-4万/年,食品化验员,合肥,合肥雄力食品有限公司,07-29
https://jobs.51job.com/shanghai-qpq/60490696.html?s=01&t=0,6-8千/月,品控专员,上海,上海天弩食品有限公司,07-29
https://jobs.51job.com/shanghai-qpq/56463340.html?s=01&t=0,4.5-6千/月,食品化验员/应届生,上海,上海天弩食品有限公司,07-29
https://jobs.51job.com/chengdu-slq/102951047.html?s=01&t=0,2.8-3.5千/月,现场品控员,成都,四川环太生物科技有限责任公司,07-28
https://jobs.51job.com/shanghai-sjq/93864317.html?s=01&t=0,3-5千/月,质检员（蛋糕面包生产企业）,上海,上海禾季食品有限公司,07-27
https://jobs.51job.com/shanghai-mhq/77344013.html?s=01&t=0,4.5-6千/月,现场品控员,上海,上海欧陆食品有限公司,07-27
https://jobs.51job.com/guangzhou-hpq/99412975.html?s=01&t=0,3-4.5千/月,质检员,广州,广州市纳趣尔食品有限责任公司,07-27
https://jobs.51job.com/chengdu-jnq/99799398.html?s=01&t=0,3-4.5千/月,品控专员,成都,四川全亿佰农业开发有限公司,07-27
https://jobs.51job.com/zhuhai/61218290.html?s=01&t=0,3-4.5千/月,检验员,珠海,珠海元朗食品有限公司,07-27
https://jobs.51job.com/wuhan-hsq/80174354.html?s=01&t=0,0.6-1万/月,食品检测技术支持,武汉,湖北琪谱检测技术有限公司,07-27
https://jobs.51job.com/ningbo-jbq/65892408.html?s=01&t=0,1.5千以下/月,食品检验实习,宁波,宁波市牛奶集团有限公司,07-27
https://jobs.51job.com/shanghai-jdq/94847297.html?s=01&t=0,5.5-8千/月,品控专员/食品质检（嘉定区）,上海,上海高卓餐饮有限公司,07-30
https://jobs.51job.com/dongguan/96155127.html?s=01&t=0,3.5-4.5千/月,化验员,东莞,广东大福锦食品有限公司,07-26
https://jobs.51job.com/weifang/104771152.html?s=01&t=0,4.5-6千/月,急聘：食品检测实验室主任,潍坊,山东省新世纪检测认证中心有限公司,07-25
https://jobs.51job.com/weifang/104025048.html?s=01&t=0,3-4.5千/月,食品检测技术工程师,潍坊,山东省新世纪检测认证中心有限公司,07-24
https://jobs.51job.com/weifang/103476025.html?s=01&t=0,6-8千/月,食品检测报告组组长（急聘））,潍坊,山东省新世纪检测认证中心有限公司,07-24
https://jobs.51job.com/weifang/103510297.html?s=01&t=0,3-4.5千/月,食品检测实验室实习生,潍坊,山东省新世纪检测认证中心有限公司,07-24
https://jobs.51job.com/shanghai-jdq/104665978.html?s=01&t=0,4.5-6千/月,食品化验员,上海,上海新莺食品有限公司,07-24
https://jobs.51job.com/shanghai-sjq/101643239.html?s=01&t=0,6-8千/月,仪器室主管（新浜工业园区）,上海,上海纽贝滋营养乳品有限公司,07-24
https://jobs.51job.com/jiaxing/75509974.html?s=01&t=0,3-4.5千/月,理化检验员,嘉兴,荷美尔（中国）,07-24
https://jobs.51job.com/jiaxing/75508956.html?s=01&t=0,3-4.5千/月,在线品控员,嘉兴,荷美尔（中国）,07-24
https://jobs.51job.com/shanghai-qpq/75564612.html?s=01&t=0,5-5.5千/月,食品检验,上海,上海冠生园食品有限公司,07-24
https://jobs.51job.com/fuyang/103777617.html?s=01&t=0,3-4.5千/月,食品化验员,异地,阜阳市麦吉食品有限公司,07-24
https://jobs.51job.com/shenzhen-lgq/79620553.html?s=01&t=0,6-8千/月,品控检验员 （茶学）,深圳,深圳市新荣阳食品科技有限公司,07-23
https://jobs.51job.com/shanwei/104608949.html?s=01&t=0,3-4千/月,食品检验,汕尾,汕头市能讯科技信息有限公司,07-21
https://jobs.51job.com/chengdu-pzs/102621661.html?s=01&t=0,4.5-6千/月,食品化验员,成都,四川省唐玖珑食品有限责任公司,07-21
https://jobs.51job.com/shanghai-pdxq/102889818.html?s=01&t=0,6-8千/月,食品检测合同评审专员,上海,华测检测认证集团股份有限公司,07-19
https://jobs.51job.com/jingmen/104495103.html?s=01&t=0,3-4.5千/月,食用油检验员,荆门,湖北洪森生物科技有限公司,07-19
https://jobs.51job.com/shanghai-ypq/98876978.html?s=01&t=0,3-4.5千/月,食品工厂化验员,上海,上海夏朵餐饮有限公司,07-18
https://jobs.51job.com/shanghai-pdxq/99672611.html?s=01&t=0,8-10万/年,质量检验员,上海,上海冠生园食品有限公司,07-17
https://jobs.51job.com/shanghai-sjq/104225585.html?s=01&t=0,4.5-6千/月,现场品控员,上海,上海红琪果蔬园艺有限公司,07-14
https://jobs.51job.com/foshan-ccq/103227550.html?s=01&t=0,6-8千/月,品控员,佛山,佛山安得利食品有限公司,07-13
https://jobs.51job.com/suzhou-wzq/95471254.html?s=01&t=0,3-4.5千/月,食品化验员,苏州,苏州市夏星食品有限公司,07-09
https://jobs.51job.com/guangzhou-pyq/94952090.html?s=01&t=0,2-3千/月,QC实习生,广州,广州市爱康伊品实业有限公司,07-04
https://jobs.51job.com/shanghai-mhq/101644419.html?s=01&t=0,4-5千/月,品控专员,上海,上海香酷食品有限公司,07-04
https://jobs.51job.com/nanjing-lsq/103520789.html?s=01&t=0,3-4.5千/月,食品化验员（五险/双休/班车接送）,南京,南京市瑞康蜂业有限公司,06-24
https://jobs.51job.com/nanjing-lsq/103520603.html?s=01&t=0,4.5-6千/月,质检主管（高薪/五险/班车/弹性工作）,南京,南京市瑞康蜂业有限公司,06-24
https://jobs.51job.com/shanghai-pdxq/93024382.html?s=01&t=0,4.5-6千/月,食品检测技术支持,上海,华测检测认证集团食品药品农产品及...,06-19
https://jobs.51job.com/lanzhou/92541550.html?s=01&t=0,4-8千/月,食品检测技术支持,兰州,华测检测认证集团食品药品农产品及...,06-19
https://jobs.51job.com/kunming/93090258.html?s=01&t=0,6-8千/月,食品检测实验室经理,异地,华测检测认证集团食品药品农产品及...,06-19
https://jobs.51job.com/kunming/93090257.html?s=01&t=0,6-8千/月,食品检测实验室经理,异地,华测检测认证集团食品药品农产品及...,06-19
https://jobs.51job.com/kunming/93090256.html?s=01&t=0,6-8千/月,食品检测实验室经理,异地,华测检测认证集团食品药品农产品及...,06-19
https://jobs.51job.com/kunming/93090255.html?s=01&t=0,6-8千/月,食品检测实验室经理,异地,华测检测认证集团食品药品农产品及...,06-19
https://jobs.51job.com/kunming/93090254.html?s=01&t=0,6-8千/月,食品检测实验室经理,异地,华测检测认证集团食品药品农产品及...,06-19
https://jobs.51job.com/kunming/93090253.html?s=01&t=0,6-8千/月,食品检测实验室经理,异地,华测检测认证集团食品药品农产品及...,06-19
https://jobs.51job.com/kunming/93090252.html?s=01&t=0,6-8千/月,食品检测实验室经理,异地,华测检测认证集团食品药品农产品及...,06-19
https://jobs.51job.com/kunming/93090251.html?s=01&t=0,6-8千/月,食品检测实验室经理,异地,华测检测认证集团食品药品农产品及...,06-19
https://jobs.51job.com/kunming/93090250.html?s=01&t=0,6-8千/月,食品检测实验室经理,异地,华测检测认证集团食品药品农产品及...,06-19
https://jobs.51job.com/kunming/93090249.html?s=01&t=0,6-8千/月,食品检测实验室经理,异地,华测检测认证集团食品药品农产品及...,06-19
https://jobs.51job.com/kunming/93090248.html?s=01&t=0,6-8千/月,食品检测实验室经理,异地,华测检测认证集团食品药品农产品及...,06-19
https://jobs.51job.com/kunming/93090247.html?s=01&t=0,6-8千/月,食品检测实验室经理,异地,华测检测认证集团食品药品农产品及...,06-19
https://jobs.51job.com/kunming/93090246.html?s=01&t=0,6-8千/月,食品检测实验室经理,异地,华测检测认证集团食品药品农产品及...,06-19
https://jobs.51job.com/kunming/93090245.html?s=01&t=0,6-8千/月,食品检测实验室经理,异地,华测检测认证集团食品药品农产品及...,06-19
https://jobs.51job.com/kunming/93090244.html?s=01&t=0,6-8千/月,食品检测实验室经理,异地,华测检测认证集团食品药品农产品及...,06-19
https://jobs.51job.com/kunming/93090243.html?s=01&t=0,6-8千/月,食品检测实验室经理,异地,华测检测认证集团食品药品农产品及...,06-19
https://jobs.51job.com/kunming/93090242.html?s=01&t=0,6-8千/月,食品检测实验室经理,异地,华测检测认证集团食品药品农产品及...,06-19
https://jobs.51job.com/kunming/93090241.html?s=01&t=0,6-8千/月,食品检测实验室经理,异地,华测检测认证集团食品药品农产品及...,06-19
